物件名,営業シミュレーションURL
西高松第2メディカルビル,property_business_simulations/001_西高松第2メディカルビル.html
ISB店舗1F【今里町】,property_business_simulations/002_ISB店舗1F【今里町】.html
大山テナントビル【中央町】1F,property_business_simulations/003_大山テナントビル【中央町】1F.html
西山崎貸事務所付き倉庫,property_business_simulations/004_西山崎貸事務所付き倉庫.html
ドミール松縄西号【今里町】レインボーエリアテナント,property_business_simulations/005_ドミール松縄西号【今里町】レインボーエリアテナント.html
サニープレイス松縄１０２号室【松縄町】レインボーテナント,property_business_simulations/006_サニープレイス松縄１０２号室【松縄町】レインボーテナント.html
久保木工店舗【檀紙町】テナント,property_business_simulations/007_久保木工店舗【檀紙町】テナント.html
大住ビル１Ｆ【田町】商店街テナント,property_business_simulations/008_大住ビル１Ｆ【田町】商店街テナント.html
ガーデンコート高松２Ｆ【大工町】テナント,property_business_simulations/009_ガーデンコート高松２Ｆ【大工町】テナント.html
サニープレイス松縄１０３号室【松縄町】レインボーテナント,property_business_simulations/010_サニープレイス松縄１０３号室【松縄町】レインボーテナント.html
ラフォーレナミキ南ビル１Ｆ南西【香西南町】テナント,property_business_simulations/011_ラフォーレナミキ南ビル１Ｆ南西【香西南町】テナント.html
オーレックス西宝　１Ｆ【西宝町】テナント,property_business_simulations/012_オーレックス西宝_１Ｆ【西宝町】テナント.html
岡ビル１Ｆ【瓦町１丁目】テナント,property_business_simulations/013_岡ビル１Ｆ【瓦町１丁目】テナント.html
丸協ビル２Ｆ【今里町】レインボーエリアテナント,property_business_simulations/014_丸協ビル２Ｆ【今里町】レインボーエリアテナント.html
ＳＹＫ店舗【伏石町】テナント,property_business_simulations/015_ＳＹＫ店舗【伏石町】テナント.html
高橋ビル２Ｆ【松福町】テナント,property_business_simulations/016_高橋ビル２Ｆ【松福町】テナント.html
扇町メゾネット【扇町】タウンハウステナント,property_business_simulations/017_扇町メゾネット【扇町】タウンハウステナント.html
橋本ビル１Ｆ【木太町】レインボーエリアテナント,property_business_simulations/018_橋本ビル１Ｆ【木太町】レインボーエリアテナント.html
ラフォーレナミキ南店１Ｆ北【香西南町】テナント,property_business_simulations/019_ラフォーレナミキ南店１Ｆ北【香西南町】テナント.html
ＹＨ店舗1棟貸【国分寺町新居】,property_business_simulations/020_ＹＨ店舗1棟貸【国分寺町新居】.html
川田ビル【香西東町】,property_business_simulations/021_川田ビル【香西東町】.html
二ツ橋ビル201,property_business_simulations/022_二ツ橋ビル201.html
二ツ橋ビル202,property_business_simulations/023_二ツ橋ビル202.html
新田借地【新田町】,property_business_simulations/024_新田借地【新田町】.html
ウッドネスト香西テナント101号室【香西北町】,property_business_simulations/025_ウッドネスト香西テナント101号室【香西北町】.html
one apartment店舗102号【新北町】,property_business_simulations/026_one_apartment店舗102号【新北町】.html
ＧＭ戸建【飯田町】,property_business_simulations/027_ＧＭ戸建【飯田町】.html
ＳＫ店舗【屋島西町】,property_business_simulations/028_ＳＫ店舗【屋島西町】.html
チェリータウン103【桜町】テナント,property_business_simulations/029_チェリータウン103【桜町】テナント.html
ＳＺ店舗1棟貸【国分寺町福家】,property_business_simulations/030_ＳＺ店舗1棟貸【国分寺町福家】.html
エトワールビル1F【常磐町】,property_business_simulations/031_エトワールビル1F【常磐町】.html
ＭＮ店舗1Ｆ【香川町川東】,property_business_simulations/032_ＭＮ店舗1Ｆ【香川町川東】.html
ルヴァン店舗1棟貸【高松町】,property_business_simulations/033_ルヴァン店舗1棟貸【高松町】.html
ＲＩ事務所【香西本町】,property_business_simulations/034_ＲＩ事務所【香西本町】.html
ラフォーレナミキ1Ｆ南東号【香西南町】,property_business_simulations/035_ラフォーレナミキ1Ｆ南東号【香西南町】.html
山下店舗【上之町】,property_business_simulations/036_山下店舗【上之町】.html
内外テナント1階【国分寺町福家】,property_business_simulations/037_内外テナント1階【国分寺町福家】.html
三谷倉庫付事務所１棟貸【木太町】,property_business_simulations/038_三谷倉庫付事務所１棟貸【木太町】.html
阿部ビル101号【瓦町】,property_business_simulations/039_阿部ビル101号【瓦町】.html
阿部ビル201号【瓦町】,property_business_simulations/040_阿部ビル201号【瓦町】.html
アイアイビル1，2F【南新町】,property_business_simulations/041_アイアイビル1，2F【南新町】.html
あかねビル１棟貸【茜町】,property_business_simulations/042_あかねビル１棟貸【茜町】.html
オフィスビルいずみ東棟１F【上天神町】,property_business_simulations/043_オフィスビルいずみ東棟１F【上天神町】.html
オフィスビルいずみ東棟2F【上天神町】,property_business_simulations/044_オフィスビルいずみ東棟2F【上天神町】.html
オフィスビルいずみ東棟3F【上天神町】,property_business_simulations/045_オフィスビルいずみ東棟3F【上天神町】.html
Sunriseせきもと１F【中央町】,property_business_simulations/046_Sunriseせきもと１F【中央町】.html
オフィスビルいずみ東１棟貸【上天神町】,property_business_simulations/047_オフィスビルいずみ東１棟貸【上天神町】.html
Crest Court K2　1-Ａ【伏石町】,property_business_simulations/048_Crest_Court_K2_1-Ａ【伏石町】.html
プリンス三条テナント【三条町】,property_business_simulations/049_プリンス三条テナント【三条町】.html
近藤第２ビル 3F,property_business_simulations/050_近藤第２ビル_3F.html
ソウゲンビル 5階南,property_business_simulations/051_ソウゲンビル_5階南.html
クイーンズスクエア第２ビル 5－D,property_business_simulations/052_クイーンズスクエア第２ビル_5－D.html
ＡＫビル鍛冶屋町Ⅱ １Ｆ,property_business_simulations/053_ＡＫビル鍛冶屋町Ⅱ_１Ｆ.html
クイ－ンズスケア第一 ５階Ｇ,property_business_simulations/054_クイ－ンズスケア第一_５階Ｇ.html
スモールショップ　中央南側 ２階一部,property_business_simulations/055_スモールショップ_中央南側_２階一部.html
クイーンズスクエア第２ビル 3-C,property_business_simulations/056_クイーンズスクエア第２ビル_3-C.html
牟礼町牟礼　戸建　２Ｆ和室一部 2F,property_business_simulations/057_牟礼町牟礼_戸建_２Ｆ和室一部_2F.html
宮脇町ビル 東,property_business_simulations/058_宮脇町ビル_東.html
飲食店募集　ウイングポート　１Ｆ　２０．７３㎡ 1階一部,property_business_simulations/059_飲食店募集_ウイングポート_１Ｆ_２０．７３㎡_1階一部.html
スモールショップ　２Ｆ北側入口西側 ２階一部,property_business_simulations/060_スモールショップ_２Ｆ北側入口西側_２階一部.html
クイーンズスクエア第２ビル 5-C,property_business_simulations/061_クイーンズスクエア第２ビル_5-C.html
クイーンズスクエア第２ビル 3-B,property_business_simulations/062_クイーンズスクエア第２ビル_3-B.html
高松市 春日町 の貸店舗（一部）,property_business_simulations/063_高松市_春日町_の貸店舗（一部）.html
クイーンズスクエア第２ 7-B,property_business_simulations/064_クイーンズスクエア第２_7-B.html
クイーンズスクエアービル第２ 6-C,property_business_simulations/065_クイーンズスクエアービル第２_6-C.html
新井ビル 204,property_business_simulations/066_新井ビル_204.html
高松市 今里町１丁目 (栗林公園駅) の貸店舗・事務所(一部),property_business_simulations/067_高松市_今里町１丁目_(栗林公園駅)_の貸店舗・事務所(一部).html
高松市 瓦町１丁目 (瓦町駅) の貸店舗（一部）,property_business_simulations/068_高松市_瓦町１丁目_(瓦町駅)_の貸店舗（一部）.html
高松市 昭和町２丁目 (昭和町駅) の貸店舗・事務所(一部),property_business_simulations/069_高松市_昭和町２丁目_(昭和町駅)_の貸店舗・事務所(一部).html
高松市 花ノ宮町３丁目 (栗林公園駅) の貸店舗（一部）,property_business_simulations/070_高松市_花ノ宮町３丁目_(栗林公園駅)_の貸店舗（一部）.html
高松市 東田町 (瓦町駅) の貸店舗・事務所(一部),property_business_simulations/071_高松市_東田町_(瓦町駅)_の貸店舗・事務所(一部).html
ソウゲンビル 5階,property_business_simulations/072_ソウゲンビル_5階.html
クイーンズスクエア第２ 5-B,property_business_simulations/073_クイーンズスクエア第２_5-B.html
ＣＵＢＥ高松　旧共栄火災海上保険株式会社高松支社 ２０３,property_business_simulations/074_ＣＵＢＥ高松_旧共栄火災海上保険株式会社高松支社_２０３.html
松本ビル 1階,property_business_simulations/075_松本ビル_1階.html
クリエイトビル 302,property_business_simulations/076_クリエイトビル_302.html
高松市 花園町２丁目 (花園駅) の貸店舗（一部）,property_business_simulations/077_高松市_花園町２丁目_(花園駅)_の貸店舗（一部）.html
ＷＩＮＤ 202,property_business_simulations/078_ＷＩＮＤ_202.html
高松市 屋島西町 (潟元駅) の貸店舗（一部）,property_business_simulations/079_高松市_屋島西町_(潟元駅)_の貸店舗（一部）.html
高松市 香川町川東下 の貸店舗（一部）,property_business_simulations/080_高松市_香川町川東下_の貸店舗（一部）.html
高松市 木太町 (林道駅) の貸店舗（一部）,property_business_simulations/081_高松市_木太町_(林道駅)_の貸店舗（一部）.html
高松市 花園町１丁目 (花園駅) の貸店舗（一部）,property_business_simulations/082_高松市_花園町１丁目_(花園駅)_の貸店舗（一部）.html
小林店舗 １階　東,property_business_simulations/083_小林店舗_１階_東.html
ＷＩＮＤ 003,property_business_simulations/084_ＷＩＮＤ_003.html
吉田ビル 1階,property_business_simulations/085_吉田ビル_1階.html
ＡＫビル片原町Ⅱ　２階　北東 （２０１）,property_business_simulations/086_ＡＫビル片原町Ⅱ_２階_北東_（２０１）.html
クイーンズスクエアービル第２ 7-A,property_business_simulations/087_クイーンズスクエアービル第２_7-A.html
クイ－ンズスケア第一 1階C,property_business_simulations/088_クイ－ンズスケア第一_1階C.html
新井ビル 200,property_business_simulations/089_新井ビル_200.html
牟礼町牟礼　倉庫 2F,property_business_simulations/090_牟礼町牟礼_倉庫_2F.html
香川町浅野貸店舗 1階店舗,property_business_simulations/091_香川町浅野貸店舗_1階店舗.html
漆原テナント・事務所 1階,property_business_simulations/092_漆原テナント・事務所_1階.html
高松市 香川町寺井 (空港通り駅) の貸店舗（一部）,property_business_simulations/093_高松市_香川町寺井_(空港通り駅)_の貸店舗（一部）.html
サントピア８８ 2階部分,property_business_simulations/094_サントピア８８_2階部分.html
高松市 香川町寺井 (空港通り駅) の貸店舗（一部）,property_business_simulations/095_高松市_香川町寺井_(空港通り駅)_の貸店舗（一部）.html
ＹＩビル 201,property_business_simulations/096_ＹＩビル_201.html
クリエイトビル 4Ｆ,property_business_simulations/097_クリエイトビル_4Ｆ.html
ヘンミビル 205,property_business_simulations/098_ヘンミビル_205.html
高松市 太田上町 (太田駅) の貸店舗（一部）,property_business_simulations/099_高松市_太田上町_(太田駅)_の貸店舗（一部）.html
高松市 塩上町 (瓦町駅) の貸店舗（一部）,property_business_simulations/100_高松市_塩上町_(瓦町駅)_の貸店舗（一部）.html
ＹＩビル 2階,property_business_simulations/101_ＹＩビル_2階.html
高松市 香川町川東下 の貸店舗（一部）,property_business_simulations/102_高松市_香川町川東下_の貸店舗（一部）.html
高松市 郷東町 (香西駅) の貸店舗・事務所(一部),property_business_simulations/103_高松市_郷東町_(香西駅)_の貸店舗・事務所(一部).html
津田ビル １階,property_business_simulations/104_津田ビル_１階.html
ソリッド 4D,property_business_simulations/105_ソリッド_4D.html
高松市 花ノ宮町３丁目 (栗林公園駅) の貸店舗（一部）,property_business_simulations/106_高松市_花ノ宮町３丁目_(栗林公園駅)_の貸店舗（一部）.html
富士ビル 地下１階,property_business_simulations/107_富士ビル_地下１階.html
西内町貸事務所　１階 1階,property_business_simulations/108_西内町貸事務所_１階_1階.html
高松市 屋島西町 (屋島駅) の貸店舗・事務所(一部),property_business_simulations/109_高松市_屋島西町_(屋島駅)_の貸店舗・事務所(一部).html
高松市 扇町２丁目 (昭和町駅) の貸店舗（一部）,property_business_simulations/110_高松市_扇町２丁目_(昭和町駅)_の貸店舗（一部）.html
ＡＫビル片原町Ⅱ　２階　北西 （２０２号）,property_business_simulations/111_ＡＫビル片原町Ⅱ_２階_北西_（２０２号）.html
高松市 天神前 (栗林公園北口駅) の貸店舗（一部）,property_business_simulations/112_高松市_天神前_(栗林公園北口駅)_の貸店舗（一部）.html
西村ジョイ屋島店　１階北ＥＶ前 1階,property_business_simulations/113_西村ジョイ屋島店_１階北ＥＶ前_1階.html
大内ビル 1階,property_business_simulations/114_大内ビル_1階.html
高松市 上福岡町 (花園駅) の貸店舗・事務所(一部),property_business_simulations/115_高松市_上福岡町_(花園駅)_の貸店舗・事務所(一部).html
高松市 鶴屋町 (片原町駅) の貸店舗（一部）,property_business_simulations/116_高松市_鶴屋町_(片原町駅)_の貸店舗（一部）.html
新井ビル 1階,property_business_simulations/117_新井ビル_1階.html
高松プラザビル ６０３,property_business_simulations/118_高松プラザビル_６０３.html
高松市 新北町 (昭和町駅) の貸店舗・事務所(一部),property_business_simulations/119_高松市_新北町_(昭和町駅)_の貸店舗・事務所(一部).html
プレシャス番町ビル 4F,property_business_simulations/120_プレシャス番町ビル_4F.html
ツゥーフィートビル 5-B,property_business_simulations/121_ツゥーフィートビル_5-B.html
京都興産ビル ５F,property_business_simulations/122_京都興産ビル_５F.html
下田井町貸店舗事務所 1階,property_business_simulations/123_下田井町貸店舗事務所_1階.html
錦町１丁目　小川マンション１階店舗 1階,property_business_simulations/124_錦町１丁目_小川マンション１階店舗_1階.html
プレシャス番町ビル（第一讃機ビル） 4 F北東ｶｰﾈｰｼｮﾝ,property_business_simulations/125_プレシャス番町ビル（第一讃機ビル）_4_F北東ｶｰﾈｰｼｮﾝ.html
シャトー古馬場　２階 2階,property_business_simulations/126_シャトー古馬場_２階_2階.html
高松市 屋島西町 (春日川駅) の貸店舗（一括）,property_business_simulations/127_高松市_屋島西町_(春日川駅)_の貸店舗（一括）.html
高松市 番町１丁目 (瓦町駅) の貸店舗（一部）,property_business_simulations/128_高松市_番町１丁目_(瓦町駅)_の貸店舗（一部）.html
向山ビル２Ｆ 2F,property_business_simulations/129_向山ビル２Ｆ_2F.html
Ｗｉｔｈビル 1階,property_business_simulations/130_Ｗｉｔｈビル_1階.html
香西貸店舗 1階,property_business_simulations/131_香西貸店舗_1階.html
アビタシオンＮＹＫ 1F南,property_business_simulations/132_アビタシオンＮＹＫ_1F南.html
高松市 亀岡町 (栗林公園北口駅) の貸店舗・事務所(一部),property_business_simulations/133_高松市_亀岡町_(栗林公園北口駅)_の貸店舗・事務所(一部).html
ガーデンコート高松 401,property_business_simulations/134_ガーデンコート高松_401.html
ガーデンコート高松 501,property_business_simulations/135_ガーデンコート高松_501.html
京都興産ビル 3F,property_business_simulations/136_京都興産ビル_3F.html
じゃこ丸ビル ５階　南,property_business_simulations/137_じゃこ丸ビル_５階_南.html
パールコート 1階,property_business_simulations/138_パールコート_1階.html
高松市 百間町 (瓦町駅) の貸店舗（一部）,property_business_simulations/139_高松市_百間町_(瓦町駅)_の貸店舗（一部）.html
セントラル高松中新町ビル（旧太陽生命高松中新町ビル） ３０２,property_business_simulations/140_セントラル高松中新町ビル（旧太陽生命高松中新町ビル）_３０２.html
セントラル高松中新町ビル（旧太陽生命高松中新町ビル） ２０２,property_business_simulations/141_セントラル高松中新町ビル（旧太陽生命高松中新町ビル）_２０２.html
高松市 東山崎町 (水田駅) の貸店舗・事務所(一括),property_business_simulations/142_高松市_東山崎町_(水田駅)_の貸店舗・事務所(一括).html
高松市 六条町 (水田駅) の貸店舗（一括）,property_business_simulations/143_高松市_六条町_(水田駅)_の貸店舗（一括）.html
ＡＫビルⅩⅢ　１階 1階,property_business_simulations/144_ＡＫビルⅩⅢ_１階_1階.html
ＣＵＢＥ高松　旧共栄火災海上保険株式会社高松支社 １Ｆ,property_business_simulations/145_ＣＵＢＥ高松_旧共栄火災海上保険株式会社高松支社_１Ｆ.html
高松市 鍛冶屋町 (瓦町駅) の貸店舗（一部）,property_business_simulations/146_高松市_鍛冶屋町_(瓦町駅)_の貸店舗（一部）.html
高松市 国分寺町新居 (端岡駅) の貸店舗・事務所(一括),property_business_simulations/147_高松市_国分寺町新居_(端岡駅)_の貸店舗・事務所(一括).html
プレシャス番町ビル（第一讃機ビル） 2F南東コスモス,property_business_simulations/148_プレシャス番町ビル（第一讃機ビル）_2F南東コスモス.html
巧匠ビル　１・２階,property_business_simulations/149_巧匠ビル_１・２階.html
オフィスビルいずみ東１階 1階,property_business_simulations/150_オフィスビルいずみ東１階_1階.html
高松市 国分寺町福家 (挿頭丘駅) の貸店舗・事務所(一部),property_business_simulations/151_高松市_国分寺町福家_(挿頭丘駅)_の貸店舗・事務所(一部).html
ガーデンコート高松 2F,property_business_simulations/152_ガーデンコート高松_2F.html
エーワン藤塚ビル　１階駐車場・倉庫　２階・３階事務所,property_business_simulations/153_エーワン藤塚ビル_１階駐車場・倉庫_２階・３階事務所.html
ＣＵＢＥ高松　旧共栄火災海上保険株式会社高松支社 ５Ｆ,property_business_simulations/154_ＣＵＢＥ高松_旧共栄火災海上保険株式会社高松支社_５Ｆ.html
ＣＵＢＥ高松　旧共栄火災海上保険株式会社高松支社 ４Ｆ,property_business_simulations/155_ＣＵＢＥ高松_旧共栄火災海上保険株式会社高松支社_４Ｆ.html
高松市 林町 (伏石駅) の貸店舗（一括）,property_business_simulations/156_高松市_林町_(伏石駅)_の貸店舗（一括）.html
カーラビル １F,property_business_simulations/157_カーラビル_１F.html
西村ジョイ屋島店　１階テナント　Ｃ区画 1階,property_business_simulations/158_西村ジョイ屋島店_１階テナント_Ｃ区画_1階.html
ソレイユ第一ビル 202,property_business_simulations/159_ソレイユ第一ビル_202.html
オフィスビルいずみ,property_business_simulations/160_オフィスビルいずみ.html
瓦町スクエアビルド ５階,property_business_simulations/161_瓦町スクエアビルド_５階.html
ＷｅＢａｓｅ高松 B1-1F,property_business_simulations/162_ＷｅＢａｓｅ高松_B1-1F.html
西村ジョイ屋島店　２階北 2階,property_business_simulations/163_西村ジョイ屋島店_２階北_2階.html
高松市 香川町川東下 の貸店舗（一部）,property_business_simulations/164_高松市_香川町川東下_の貸店舗（一部）.html
ＹＩビル 201,property_business_simulations/165_ＹＩビル_201.html
ソリッド 4D,property_business_simulations/166_ソリッド_4D.html
富士ビル 地下１階,property_business_simulations/167_富士ビル_地下１階.html
プレシャス番町ビル 4F,property_business_simulations/168_プレシャス番町ビル_4F.html
貸倉庫 新田町倉庫西 1階,property_business_simulations/169_貸倉庫_新田町倉庫西_1階.html
貸店舗（一部） 西村ジョイ屋島店　２階北 2階,property_business_simulations/170_貸店舗（一部）_西村ジョイ屋島店_２階北_2階.html
貸店舗（一部） ソレイユ第一ビル 202,property_business_simulations/171_貸店舗（一部）_ソレイユ第一ビル_202.html
貸店舗・事務所(一部) オフィスビルいずみ,property_business_simulations/172_貸店舗・事務所(一部)_オフィスビルいずみ.html
貸店舗・事務所(一括) 林町テナント 1階建,property_business_simulations/173_貸店舗・事務所(一括)_林町テナント_1階建.html
貸店舗・事務所(一部) 近藤第２ビル 3F,property_business_simulations/174_貸店舗・事務所(一部)_近藤第２ビル_3F.html
貸店舗（一部） ソウゲンビル 5階南,property_business_simulations/175_貸店舗（一部）_ソウゲンビル_5階南.html
貸店舗（一部） クイーンズスクエア第２ビル 5－D,property_business_simulations/176_貸店舗（一部）_クイーンズスクエア第２ビル_5－D.html
貸店舗（一部） クイ－ンズスケア第一 ５階Ｇ,property_business_simulations/177_貸店舗（一部）_クイ－ンズスケア第一_５階Ｇ.html
貸店舗（一部） クイーンズスクエア第２ビル 3-C,property_business_simulations/178_貸店舗（一部）_クイーンズスクエア第２ビル_3-C.html
貸店舗（一部） 宮脇町ビル 東,property_business_simulations/179_貸店舗（一部）_宮脇町ビル_東.html
貸店舗（一部） 飲食店募集　ウイングポート　１Ｆ　２０．７３㎡ 1階一部,property_business_simulations/180_貸店舗（一部）_飲食店募集_ウイングポート_１Ｆ_２０．７３㎡_1階一部.html
貸店舗（一部） クイーンズスクエア第２ビル 5-C,property_business_simulations/181_貸店舗（一部）_クイーンズスクエア第２ビル_5-C.html
貸店舗（一部） クイーンズスクエア第２ビル 3-B,property_business_simulations/182_貸店舗（一部）_クイーンズスクエア第２ビル_3-B.html
貸店舗（一部） クイーンズスクエア第２ 7-B,property_business_simulations/183_貸店舗（一部）_クイーンズスクエア第２_7-B.html
貸店舗（一部） クイーンズスクエアービル第２ 6-C,property_business_simulations/184_貸店舗（一部）_クイーンズスクエアービル第２_6-C.html
貸店舗・事務所(一部) 高松市 今里町１丁目 (栗林公園駅) の貸店舗・事務所(一部),property_business_simulations/185_貸店舗・事務所(一部)_高松市_今里町１丁目_(栗林公園駅)_の貸店舗・事務所(.html
貸店舗（一部） ソウゲンビル 5階,property_business_simulations/186_貸店舗（一部）_ソウゲンビル_5階.html
貸店舗（一部） クイーンズスクエア第２ 5-B,property_business_simulations/187_貸店舗（一部）_クイーンズスクエア第２_5-B.html
貸店舗（一部） 松本ビル 1階,property_business_simulations/188_貸店舗（一部）_松本ビル_1階.html
貸店舗（一部） 小林店舗 １階　東,property_business_simulations/189_貸店舗（一部）_小林店舗_１階_東.html
貸店舗（一部） ＡＫビル片原町Ⅱ　２階　北東 （２０１）,property_business_simulations/190_貸店舗（一部）_ＡＫビル片原町Ⅱ_２階_北東_（２０１）.html
貸店舗（一部） クイーンズスクエアービル第２ 7-A,property_business_simulations/191_貸店舗（一部）_クイーンズスクエアービル第２_7-A.html
貸店舗（一部） クイ－ンズスケア第一 1階C,property_business_simulations/192_貸店舗（一部）_クイ－ンズスケア第一_1階C.html
貸店舗（一部） 高松市 香川町寺井 (空港通り駅) の貸店舗（一部）,property_business_simulations/193_貸店舗（一部）_高松市_香川町寺井_(空港通り駅)_の貸店舗（一部）.html
貸店舗（一部） ソリッド 4D,property_business_simulations/194_貸店舗（一部）_ソリッド_4D.html
貸店舗（一部） 高松市 扇町２丁目 (昭和町駅) の貸店舗（一部）,property_business_simulations/195_貸店舗（一部）_高松市_扇町２丁目_(昭和町駅)_の貸店舗（一部）.html
貸店舗（一部） ＡＫビル片原町Ⅱ　２階　北西 （２０２号）,property_business_simulations/196_貸店舗（一部）_ＡＫビル片原町Ⅱ_２階_北西_（２０２号）.html
貸店舗（一部） 大内ビル 1階,property_business_simulations/197_貸店舗（一部）_大内ビル_1階.html
貸店舗（一部） 常盤町Ｋ店舗 2階,property_business_simulations/198_貸店舗（一部）_常盤町Ｋ店舗_2階.html
貸店舗（一部） ツゥーフィートビル 5-B,property_business_simulations/199_貸店舗（一部）_ツゥーフィートビル_5-B.html
貸店舗（一部） 京都興産ビル ５F,property_business_simulations/200_貸店舗（一部）_京都興産ビル_５F.html
貸店舗・事務所(一部) 下田井町貸店舗事務所 1階,property_business_simulations/201_貸店舗・事務所(一部)_下田井町貸店舗事務所_1階.html
貸店舗（一部） 錦町１丁目　小川マンション１階店舗 1階,property_business_simulations/202_貸店舗（一部）_錦町１丁目_小川マンション１階店舗_1階.html
貸店舗（一部） シャトー古馬場　２階 2階,property_business_simulations/203_貸店舗（一部）_シャトー古馬場_２階_2階.html
貸店舗（一括） 高松市 屋島西町 (春日川駅) の貸店舗（一括）,property_business_simulations/204_貸店舗（一括）_高松市_屋島西町_(春日川駅)_の貸店舗（一括）.html
貸店舗（一部） 京都興産ビル 3F,property_business_simulations/205_貸店舗（一部）_京都興産ビル_3F.html
貸店舗（一部） じゃこ丸ビル ５階　南,property_business_simulations/206_貸店舗（一部）_じゃこ丸ビル_５階_南.html
貸店舗・事務所(一部) パールコート 1階,property_business_simulations/207_貸店舗・事務所(一部)_パールコート_1階.html
貸店舗（一部） 高松市 百間町 (瓦町駅) の貸店舗（一部）,property_business_simulations/208_貸店舗（一部）_高松市_百間町_(瓦町駅)_の貸店舗（一部）.html
貸店舗（一括） 高松市 六条町 (水田駅) の貸店舗（一括）,property_business_simulations/209_貸店舗（一括）_高松市_六条町_(水田駅)_の貸店舗（一括）.html
貸店舗（一部） 高松市 鍛冶屋町 (瓦町駅) の貸店舗（一部）,property_business_simulations/210_貸店舗（一部）_高松市_鍛冶屋町_(瓦町駅)_の貸店舗（一部）.html
貸店舗・事務所(一部) 高松市 国分寺町福家 (挿頭丘駅) の貸店舗・事務所(一部),property_business_simulations/211_貸店舗・事務所(一部)_高松市_国分寺町福家_(挿頭丘駅)_の貸店舗・事務所(一.html
貸店舗（一部） ガーデンコート高松 2F,property_business_simulations/212_貸店舗（一部）_ガーデンコート高松_2F.html
貸店舗（一部） カーラビル １F,property_business_simulations/213_貸店舗（一部）_カーラビル_１F.html
貸店舗（一部） ソレイユ第一ビル 202,property_business_simulations/214_貸店舗（一部）_ソレイユ第一ビル_202.html
貸店舗（一部） ＷｅＢａｓｅ高松 B1-1F,property_business_simulations/215_貸店舗（一部）_ＷｅＢａｓｅ高松_B1-1F.html
高松市 賃貸店舗・事務所,property_business_simulations/216_高松市_賃貸店舗・事務所.html
