store_name,detail_html,google_maps_url,saved_at
結果,data\html\google_maps\details\20260625_031532_結果.html,"https://www.google.com/maps/place/ABUKU+COFFEE+%EF%BC%86+LATTEART/@34.335298,133.9724502,13z/data=!4m11!1m3!2m2!1z6auY5p2-5biC44CA44Kr44OV44Kn!6e5!3m6!1s0x3553eb0048d36147:0x955defe82929472e!8m2!3d34.335298!4d134.0486679!15sChXpq5jmnb7luILjgIDjgqvjg5XjgqdaFiIU6auY5p2-IOW4giDjgqvjg5XjgqeSAQtjb2ZmZWVfc2hvcJoBI0NoWkRTVWhOTUc5blMwVkpRMEZuVFVSSmJUWnRNMWhCRUFF4AEA-gEECDkQFw!16s%2Fg%2F11m5jjv74v?entry=ttu&g_ep=EgoyMDI2MDYyMS4wIKXMDSoASAFQAw%3D%3D",2026-06-25 03:15:34
ABUKU COFFEE ＆ LATTEART,data\html\google_maps\details\20260625_032640_ABUKU_COFFEE_＆_LATTEART.html,"https://www.google.com/maps/place/ABUKU+COFFEE+%EF%BC%86+LATTEART/@34.335298,133.9724502,13z/data=!4m11!1m3!2m2!1z6auY5p2-5biC44CA44Kr44OV44Kn!6e5!3m6!1s0x3553eb0048d36147:0x955defe82929472e!8m2!3d34.335298!4d134.0486679!15sChXpq5jmnb7luILjgIDjgqvjg5XjgqdaFiIU6auY5p2-IOW4giDjgqvjg5XjgqeSAQtjb2ZmZWVfc2hvcJoBI0NoWkRTVWhOTUc5blMwVkpRMEZuVFVSSmJUWnRNMWhCRUFF4AEA-gEECDkQFw!16s%2Fg%2F11m5jjv74v?entry=ttu&g_ep=EgoyMDI2MDYyMS4wIKXMDSoASAFQAw%3D%3D",2026-06-25 03:26:42
LOGUE CAFE,data\html\google_maps\details\20260625_032659_LOGUE_CAFE.html,"https://www.google.com/maps/place/LOGUE+CAFE/@34.335298,133.9724502,13z/data=!4m11!1m3!2m2!1z6auY5p2-5biC44CA44Kr44OV44Kn!6e5!3m6!1s0x3553eb00016b36b1:0xb13f16eef1e14735!8m2!3d34.3464983!4d134.0460471!15sChXpq5jmnb7luILjgIDjgqvjg5XjgqdaFiIU6auY5p2-IOW4giDjgqvjg5XjgqeSAQRjYWZlmgEkQ2hkRFNVaE5NRzluUzBWSlEwRm5TVU4yYURrdFIyNW5SUkFC4AEA-gEECBAQFQ!16s%2Fg%2F11y4zpw6j3?entry=ttu&g_ep=EgoyMDI2MDYyMS4wIKXMDSoASAFQAw%3D%3D",2026-06-25 03:27:00
Dr.s CAFE 未来図,data\html\google_maps\details\20260625_032714_Dr.s_CAFE_未来図.html,"https://www.google.com/maps/place/Dr.s+CAFE+%E6%9C%AA%E6%9D%A5%E5%9B%B3/@34.335298,133.9724502,13z/data=!3m1!5s0x3553ebb528685c0d:0x4f0d4a8a2a68dc77!4m11!1m3!2m2!1z6auY5p2-5biC44CA44Kr44OV44Kn!6e5!3m6!1s0x3553ebdee36811bf:0xcad751424ef5fba9!8m2!3d34.3212163!4d134.0411907!15sChXpq5jmnb7luILjgIDjgqvjg5XjgqdaFiIU6auY5p2-IOW4giDjgqvjg5XjgqeSAQRjYWZlmgFEQ2k5RFFVbFJRVU52WkVOb2RIbGpSamx2VDJ0c2FtUjVNVXhOTWpWb1VXcFdSazR5Ums5V2JHOHlZMWN3ZWsxclJSQULgAQD6AQUIigEQGA!16s%2Fg%2F11rjjkr8v5?entry=ttu&g_ep=EgoyMDI2MDYyMS4wIKXMDSoASAFQAw%3D%3D",2026-06-25 03:27:16
カフェ ド ミストラル,data\html\google_maps\details\20260625_032745_カフェ_ド_ミストラル.html,"https://www.google.com/maps/place/%E3%82%AB%E3%83%95%E3%82%A7+%E3%83%89+%E3%83%9F%E3%82%B9%E3%83%88%E3%83%A9%E3%83%AB/@34.335298,133.9724502,13z/data=!3m1!5s0x3553eb907235d3d1:0xa9243d77e20b579f!4m11!1m3!2m2!1z6auY5p2-5biC44CA44Kr44OV44Kn!6e5!3m6!1s0x3553eb5bf4266675:0xaa4b6aa92be6e51d!8m2!3d34.3463593!4d134.0455235!15sChXpq5jmnb7luILjgIDjgqvjg5XjgqdaFiIU6auY5p2-IOW4giDjgqvjg5XjgqeSAQRjYWZlmgFEQ2k5RFFVbFJRVU52WkVOb2RIbGpSamx2VDI1U05sWkdiR1prTVdneVYxUm9hMlZYUlRKWFNFazFZMnRqTWxaV1JSQULgAQD6AQQIDxAa!16s%2Fg%2F11j00f5_62?entry=ttu&g_ep=EgoyMDI2MDYyMS4wIKXMDSoASAFQAw%3D%3D",2026-06-25 03:27:47
喫茶 クナウフ,data\html\google_maps\details\20260625_032758_喫茶_クナウフ.html,"https://www.google.com/maps/place/%E5%96%AB%E8%8C%B6+%E3%82%AF%E3%83%8A%E3%82%A6%E3%83%95/@34.335298,133.9724502,13z/data=!4m11!1m3!2m2!1z6auY5p2-5biC44CA44Kr44OV44Kn!6e5!3m6!1s0x3553eb933f32d1e7:0xc51fba67dc5c0736!8m2!3d34.346672!4d134.0470416!15sChXpq5jmnb7luILjgIDjgqvjg5XjgqdaFiIU6auY5p2-IOW4giDjgqvjg5XjgqeSAQtjb2ZmZWVfc2hvcJoBRENpOURRVWxSUVVOdlpFTm9kSGxqUmpsdlQya3dNVlV4Vm0xVmJGVjZVMGhvVms1dE9VNVNWVTEzVTFSS1RGTnNSUkFC4AEA-gEECAAQFA!16s%2Fg%2F11ts5z7bv9?entry=ttu&g_ep=EgoyMDI2MDYyMS4wIKXMDSoASAFQAw%3D%3D",2026-06-25 03:28:00
kokokasiko,data\html\google_maps\details\20260625_032815_kokokasiko.html,"https://www.google.com/maps/place/kokokasiko/@34.335298,133.9724502,13z/data=!4m11!1m3!2m2!1z6auY5p2-5biC44CA44Kr44OV44Kn!6e5!3m6!1s0x3553eb14cd056c9b:0xffa7ab9e30bf6b56!8m2!3d34.3465014!4d134.0458388!15sChXpq5jmnb7luILjgIDjgqvjg5XjgqdaFiIU6auY5p2-IOW4giDjgqvjg5XjgqeSAQtjb2ZmZWVfc2hvcJoBI0NoWkRTVWhOTUc5blMwVkpRMEZuU1VNeGQyOXhVbEZSRUFF4AEA-gEECCcQDg!16s%2Fg%2F11krsz4cyf?entry=ttu&g_ep=EgoyMDI2MDYyMS4wIKXMDSoASAFQAw%3D%3D",2026-06-25 03:28:17
cafe SORAのいろ,data\html\google_maps\details\20260625_032826_cafe_SORAのいろ.html,"https://www.google.com/maps/place/cafe+SORA%E3%81%AE%E3%81%84%E3%82%8D/@34.335298,133.9724502,13z/data=!4m11!1m3!2m2!1z6auY5p2-5biC44CA44Kr44OV44Kn!6e5!3m6!1s0x3553957029e05c2b:0x71dd86127a781f!8m2!3d34.3063762!4d134.1110338!15sChXpq5jmnb7luILjgIDjgqvjg5XjgqdaFiIU6auY5p2-IOW4giDjgqvjg5XjgqeSAQRjYWZlmgFEQ2k5RFFVbFJRVU52WkVOb2RIbGpSamx2VDJ0S1NXVllWWHBSVkZwM1kwWm9TbFl5YkZKVE1FWk5aRE5CZEUxdFl4QULgAQD6AQQIDBAe!16s%2Fg%2F11rfdd569p?entry=ttu&g_ep=EgoyMDI2MDYyMS4wIKXMDSoASAFQAw%3D%3D",2026-06-25 03:28:28
雨やすみ,data\html\google_maps\details\20260625_032857_雨やすみ.html,"https://www.google.com/maps/place/%E9%9B%A8%E3%82%84%E3%81%99%E3%81%BF/@34.3467806,133.9664865,13z/data=!3m1!5s0x3553eb920a60c6bd:0x21f0af1d160250f1!4m11!1m3!2m2!1z6auY5p2-5biC44CA44Kr44OV44Kn!6e5!3m6!1s0x3553eb4af0d6e3c7:0x17fd77e20437db54!8m2!3d34.3467806!4d134.0427042!15sChXpq5jmnb7luILjgIDjgqvjg5XjgqdaFiIU6auY5p2-IOW4giDjgqvjg5XjgqeSAQRjYWZlmgEkQ2hkRFNVaE5NRzluUzBWSlEwRm5TVU5LWjNKNVpYcEJSUkFC4AEA-gEECEYQHA!16s%2Fg%2F11k4925syh?entry=ttu&g_ep=EgoyMDI2MDYyMS4wIKXMDSoASAFQAw%3D%3D",2026-06-25 03:28:59
KID COFFEE&WAFFLE,data\html\google_maps\details\20260625_032914_KID_COFFEE&WAFFLE.html,"https://www.google.com/maps/place/KID+COFFEE%26WAFFLE/@34.3467806,133.9664865,13z/data=!4m11!1m3!2m2!1z6auY5p2-5biC44CA44Kr44OV44Kn!6e5!3m6!1s0x3553eb0018e08445:0xd641b4ab3af9fbff!8m2!3d34.3320328!4d134.0525347!15sChXpq5jmnb7luILjgIDjgqvjg5XjgqdaFiIU6auY5p2-IOW4giDjgqvjg5XjgqeSAQtjb2ZmZWVfc2hvcJoBRENpOURRVWxSUVVOdlpFTm9kSGxqUmpsdlQyNWtSRmw2Vms1VlZtZzJUVEphZGxac2FGQmtWVEZVV2xoQk5GTnRZeEFC4AEA-gEECAAQGw!16s%2Fg%2F11vwpflxxk?entry=ttu&g_ep=EgoyMDI2MDYyMS4wIKXMDSoASAFQAw%3D%3D",2026-06-25 03:29:17
kissa kai,data\html\google_maps\details\20260625_032929_kissa_kai.html,"https://www.google.com/maps/place/CAFE+Lululu/@34.3386867,134.0335798,13z/data=!4m11!1m3!2m2!1z6auY5p2-5biC44CA44Kr44OV44Kn!6e5!3m6!1s0x35539349f4984643:0x91fb44a64b172c0b!8m2!3d34.3386867!4d134.1097975!15sChXpq5jmnb7luILjgIDjgqvjg5XjgqdaFiIU6auY5p2-IOW4giDjgqvjg5XjgqeSAQRjYWZlmgFEQ2k5RFFVbFJRVU52WkVOb2RIbGpSamx2VDJ0R05HSnVjRFJOUlZKNFZFZEdTMWRyY0doUmJtaHBUVlpHYTJOVlJSQULgAQD6AQQIABAk!16s%2Fg%2F11pzkkzsrk?entry=ttu&g_ep=EgoyMDI2MDYyMS4wIKXMDSoASAFQAw%3D%3D",2026-06-25 03:29:31
CAFE Lululu,data\html\google_maps\details\20260625_032942_CAFE_Lululu.html,"https://www.google.com/maps/place/CAFE+Lululu/@34.3386867,134.0335798,13z/data=!4m11!1m3!2m2!1z6auY5p2-5biC44CA44Kr44OV44Kn!6e5!3m6!1s0x35539349f4984643:0x91fb44a64b172c0b!8m2!3d34.3386867!4d134.1097975!15sChXpq5jmnb7luILjgIDjgqvjg5XjgqdaFiIU6auY5p2-IOW4giDjgqvjg5XjgqeSAQRjYWZlmgFEQ2k5RFFVbFJRVU52WkVOb2RIbGpSamx2VDJ0R05HSnVjRFJOUlZKNFZFZEdTMWRyY0doUmJtaHBUVlpHYTJOVlJSQULgAQD6AQQIABAk!16s%2Fg%2F11pzkkzsrk?entry=ttu&g_ep=EgoyMDI2MDYyMS4wIKXMDSoASAFQAw%3D%3D",2026-06-25 03:29:44
Cafe SHION,data\html\google_maps\details\20260625_033034_Cafe_SHION.html,"https://www.google.com/maps/place/Cafe+SHION/@34.3462469,133.9695784,13z/data=!4m11!1m3!2m2!1z6auY5p2-5biC44CA44Kr44OV44Kn!6e5!3m6!1s0x3553eb1222a70f2f:0x6fdd471ac6ee5945!8m2!3d34.3462469!4d134.0457961!15sChXpq5jmnb7luILjgIDjgqvjg5XjgqdaFiIU6auY5p2-IOW4giDjgqvjg5XjgqeSAQtjb2ZmZWVfc2hvcJoBI0NoWkRTVWhOTUc5blMwVkpRMEZuU1VSUGJEZGlSbEZuRUFF4AEA-gEFCN0CEBk!16s%2Fg%2F11swffwk_7?entry=ttu&g_ep=EgoyMDI2MDYyMS4wIKXMDSoASAFQAw%3D%3D",2026-06-25 03:30:36
カトルカール,data\html\google_maps\details\20260625_033109_カトルカール.html,"https://www.google.com/maps/place/%E3%82%AB%E3%83%88%E3%83%AB%E3%82%AB%E3%83%BC%E3%83%AB/@34.3462469,133.9695784,13z/data=!4m11!1m3!2m2!1z6auY5p2-5biC44CA44Kr44OV44Kn!6e5!3m6!1s0x3553eb1e7dd8dc8f:0xdf8f804c5eedb0a0!8m2!3d34.3087158!4d134.0725403!15sChXpq5jmnb7luILjgIDjgqvjg5XjgqdaFiIU6auY5p2-IOW4giDjgqvjg5XjgqeSAQRjYWZlmgEkQ2hkRFNVaE5NRzluUzBWSlEwRm5TVU5TYzI5dFl6bG5SUkFC4AEA-gEECDkQFQ!16s%2Fg%2F1vr39_hr?entry=ttu&g_ep=EgoyMDI2MDYyMS4wIKXMDSoASAFQAw%3D%3D",2026-06-25 03:31:11
TAKAMATSU BASE CAFE,data\html\google_maps\details\20260625_033154_TAKAMATSU_BASE_CAFE.html,"https://www.google.com/maps/place/TAKAMATSU+BASE+CAFE/@34.3462469,133.9695784,13z/data=!4m11!1m3!2m2!1z6auY5p2-5biC44CA44Kr44OV44Kn!6e5!3m6!1s0x3553eb1bb8745a3f:0xabf608bc012d7cdf!8m2!3d34.3133672!4d134.07105!15sChXpq5jmnb7luILjgIDjgqvjg5XjgqdaFiIU6auY5p2-IOW4giDjgqvjg5XjgqeSAQRjYWZlmgEkQ2hkRFNVaE5NRzluUzBWSlEwRm5TVU5hYVhKbFltMW5SUkFC4AEA-gEFCJcBEBY!16s%2Fg%2F11c2j2dr5g?entry=ttu&g_ep=EgoyMDI2MDYyMS4wIKXMDSoASAFQAw%3D%3D",2026-06-25 03:31:56
SABI,data\html\google_maps\details\20260625_033213_SABI.html,"https://www.google.com/maps/place/SABI/@34.3462469,133.9695784,13z/data=!3m1!5s0x3553eb99924b2be9:0x9b10a17b67678e4f!4m11!1m3!2m2!1z6auY5p2-5biC44CA44Kr44OV44Kn!6e5!3m6!1s0x3553eb67859d075b:0xbe5001762a30a3fc!8m2!3d34.3385131!4d134.0498712!15sChXpq5jmnb7luILjgIDjgqvjg5XjgqdaFiIU6auY5p2-IOW4giDjgqvjg5XjgqeSAQRjYWZlmgEjQ2haRFNVaE5NRzluUzBWSlEwRm5TVU5zT1Y5NloyRlJFQUXgAQD6AQQIZBAn!16s%2Fg%2F11rwkw5rdc?entry=ttu&g_ep=EgoyMDI2MDYyMS4wIKXMDSoASAFQAw%3D%3D",2026-06-25 03:32:15
RET COFFEE,data\html\google_maps\details\20260625_033226_RET_COFFEE.html,"https://www.google.com/maps/place/RET+COFFEE/@34.3462469,133.9695784,13z/data=!4m11!1m3!2m2!1z6auY5p2-5biC44CA44Kr44OV44Kn!6e5!3m6!1s0x3553eb7672af0c7f:0xcfd9a7107a0bb6d!8m2!3d34.3195284!4d134.0496338!15sChXpq5jmnb7luILjgIDjgqvjg5XjgqdaFiIU6auY5p2-IOW4giDjgqvjg5XjgqeSAQtjb2ZmZWVfc2hvcJoBJENoZERTVWhOTUc5blMwVkpRMEZuU1VOU2QwcEROek5CUlJBQuABAPoBBAhJEBw!16s%2Fg%2F11j_6533v6?entry=ttu&g_ep=EgoyMDI2MDYyMS4wIKXMDSoASAFQAw%3D%3D",2026-06-25 03:32:28
cafe kuguri,data\html\google_maps\details\20260625_033240_cafe_kuguri.html,"https://www.google.com/maps/place/cafe+kuguri/@34.3462469,133.9695784,13z/data=!4m11!1m3!2m2!1z6auY5p2-5biC44CA44Kr44OV44Kn!6e5!3m6!1s0x3553eb70a201b0f5:0x431eb593d3f6a0e6!8m2!3d34.3371136!4d134.0639231!15sChXpq5jmnb7luILjgIDjgqvjg5XjgqdaFiIU6auY5p2-IOW4giDjgqvjg5XjgqeSAQRjYWZlmgFEQ2k5RFFVbFJRVU52WkVOb2RIbGpSamx2VDJwR2VFNHpiRU5WYkZWM1ZEQkdUbVJITlVObGF6VktWbFphU0ZVeVl4QULgAQD6AQQIdhAg!16s%2Fg%2F11b6_d7jgd?entry=ttu&g_ep=EgoyMDI2MDYyMS4wIKXMDSoASAFQAw%3D%3D",2026-06-25 03:32:42
喫茶 モンシェリー,data\html\google_maps\details\20260625_033255_喫茶_モンシェリー.html,"https://www.google.com/maps/place/%E5%96%AB%E8%8C%B6+%E3%83%A2%E3%83%B3%E3%82%B7%E3%82%A7%E3%83%AA%E3%83%BC/@34.3462469,133.9695784,13z/data=!3m1!5s0x3553eaf4add4fa15:0xb06d487ad495f84f!4m11!1m3!2m2!1z6auY5p2-5biC44CA44Kr44OV44Kn!6e5!3m6!1s0x3553eb001f8817a5:0x2e5533bd71cabf22!8m2!3d34.2935452!4d134.0623252!15sChXpq5jmnb7luILjgIDjgqvjg5XjgqdaFiIU6auY5p2-IOW4giDjgqvjg5XjgqeSAQRjYWZlmgEkQ2hkRFNVaE5NRzluUzBWSlEwRm5TVU5pZEZBdFFqTm5SUkFC4AEA-gEFCLIDEBM!16s%2Fg%2F11vxg4wm0k?entry=ttu&g_ep=EgoyMDI2MDYyMS4wIKXMDSoASAFQAw%3D%3D",2026-06-25 03:32:57
mellowbeats.,data\html\google_maps\details\20260625_033306_mellowbeats..html,"https://www.google.com/maps/place/mellowbeats./@34.3462469,133.9695784,13z/data=!3m1!5s0x3553eb983aab98d1:0x54d940f762e43a87!4m11!1m3!2m2!1z6auY5p2-5biC44CA44Kr44OV44Kn!6e5!3m6!1s0x3553eb089d30501b:0x5d318469b18dc291!8m2!3d34.3367186!4d134.0490667!15sChXpq5jmnb7luILjgIDjgqvjg5XjgqdaFiIU6auY5p2-IOW4giDjgqvjg5XjgqeSAQtjb2ZmZWVfc2hvcJoBJENoZERTVWhOTUc5blMwVkpRMEZuU1VSMU4zTnRUbnAzUlJBQuABAPoBBAgAEB0!16s%2Fg%2F11ll3nnj8q?entry=ttu&g_ep=EgoyMDI2MDYyMS4wIKXMDSoASAFQAw%3D%3D",2026-06-25 03:33:08
珈琲と本と音楽 半空,data\html\google_maps\details\20260625_033321_珈琲と本と音楽_半空.html,"https://www.google.com/maps/place/%E7%8F%88%E7%90%B2%E3%81%A8%E6%9C%AC%E3%81%A8%E9%9F%B3%E6%A5%BD+%E5%8D%8A%E7%A9%BA/@34.3462469,133.9695784,13z/data=!3m1!5s0x3553eb9afee22cc3:0xbe5d0d4784136aae!4m11!1m3!2m2!1z6auY5p2-5biC44CA44Kr44OV44Kn!6e5!3m6!1s0x3553eb9afedd225d:0xc2544993b88f2663!8m2!3d34.3413035!4d134.0506567!15sChXpq5jmnb7luILjgIDjgqvjg5XjgqdaFiIU6auY5p2-IOW4giDjgqvjg5XjgqeSAQRjYWZlmgEkQ2hkRFNVaE5NRzluUzBWSlEwRm5TVU4xZFdSZlFUSjNSUkFC4AEA-gEECA8QIg!16s%2Fg%2F1hc1kz2q6?entry=ttu&g_ep=EgoyMDI2MDYyMS4wIKXMDSoASAFQAw%3D%3D",2026-06-25 03:33:23
喫茶猫も杓子も,data\html\google_maps\details\20260625_033345_喫茶猫も杓子も.html,"https://www.google.com/maps/place/%E5%96%AB%E8%8C%B6%E7%8C%AB%E3%82%82%E6%9D%93%E5%AD%90%E3%82%82/@34.3365402,134.0306375,13z/data=!4m11!1m3!2m2!1z6auY5p2-5biC44CA44Kr44OV44Kn!6e5!3m6!1s0x355393d40df7b253:0x66ca0372da58f4b8!8m2!3d34.3365402!4d134.1068552!15sChXpq5jmnb7luILjgIDjgqvjg5XjgqdaFiIU6auY5p2-IOW4giDjgqvjg5XjgqeSAQtjb2ZmZWVfc2hvcJoBJENoZERTVWhOTUc5blMwVkpRMEZuVFVOSk5scHVlbXAzUlJBQuABAPoBBAgqECQ!16s%2Fg%2F11m6z48tr4?entry=ttu&g_ep=EgoyMDI2MDYyMS4wIKXMDSoASAFQAw%3D%3D",2026-06-25 03:33:47
まちのシューレ963,data\html\google_maps\details\20260625_033358_まちのシューレ963.html,"https://www.google.com/maps/place/%E3%81%BE%E3%81%A1%E3%81%AE%E3%82%B7%E3%83%A5%E3%83%BC%E3%83%AC963/@34.3445561,133.9742025,13z/data=!3m1!5s0x3553eb85222cff61:0x50ddbd7bcc986669!4m11!1m3!2m2!1z6auY5p2-5biC44CA44Kr44OV44Kn!6e5!3m6!1s0x3553eb852180b80d:0x63da8b725053de6c!8m2!3d34.3445561!4d134.0504202!15sChXpq5jmnb7luILjgIDjgqvjg5XjgqdaFiIU6auY5p2-IOW4giDjgqvjg5XjgqeSAQRjYWZlmgEkQ2hkRFNVaE5NRzluUzBWSlEwRm5UVVIzZWt4SU16Vm5SUkFC4AEA-gEECAAQGg!16s%2Fg%2F1v44bsq2?entry=ttu&g_ep=EgoyMDI2MDYyMS4wIKXMDSoASAFQAw%3D%3D",2026-06-25 03:34:00
Tea Room柞の杜,data\html\google_maps\details\20260625_033415_Tea_Room柞の杜.html,"https://www.google.com/maps/place/Tea+Room%E6%9F%9E%E3%81%AE%E6%9D%9C/@34.3445561,133.9742025,13z/data=!4m11!1m3!2m2!1z6auY5p2-5biC44CA44Kr44OV44Kn!6e5!3m6!1s0x3553eb857f347033:0xd7ef0c2c2f4f4200!8m2!3d34.3464351!4d134.0487278!15sChXpq5jmnb7luILjgIDjgqvjg5XjgqdaFiIU6auY5p2-IOW4giDjgqvjg5XjgqeSAQl0ZWFfaG91c2WaASNDaFpEU1VoTk1HOW5TMFZKUTBGblNVTXlPVTl1VjFSbkVBReABAPoBBAgAECI!16s%2Fg%2F1tczybd0?entry=ttu&g_ep=EgoyMDI2MDYyMS4wIKXMDSoASAFQAw%3D%3D",2026-06-25 03:34:17
ノーマ カフェ 夜カフェ,data\html\google_maps\details\20260625_033433_ノーマ_カフェ_夜カフェ.html,"https://www.google.com/maps/place/%E3%83%8E%E3%83%BC%E3%83%9E+%E3%82%AB%E3%83%95%E3%82%A7+%E5%A4%9C%E3%82%AB%E3%83%95%E3%82%A7/@34.3445561,133.9742025,13z/data=!4m11!1m3!2m2!1z6auY5p2-5biC44CA44Kr44OV44Kn!6e5!3m6!1s0x3553eb9b51256031:0x2fab0c16fadb5051!8m2!3d34.3419704!4d134.0526881!15sChXpq5jmnb7luILjgIDjgqvjg5XjgqdaFiIU6auY5p2-IOW4giDjgqvjg5XjgqeSAQRjYWZlmgEjQ2haRFNVaE5NRzluUzBWSlEwRm5TVU5TYkhGaWJFRlJFQUXgAQD6AQQIABAf!16s%2Fg%2F11c3k2ynm5?entry=ttu&g_ep=EgoyMDI2MDYyMS4wIKXMDSoASAFQAw%3D%3D",2026-06-25 03:34:35
珈琲美人 文月,data\html\google_maps\details\20260625_033500_珈琲美人_文月.html,"https://www.google.com/maps/place/%E7%8F%88%E7%90%B2%E7%BE%8E%E4%BA%BA+%E6%96%87%E6%9C%88/@34.3445561,133.9742025,13z/data=!4m11!1m3!2m2!1z6auY5p2-5biC44CA44Kr44OV44Kn!6e5!3m6!1s0x3553eb10b84678af:0x3688b0e9c41d9766!8m2!3d34.3169542!4d134.0715329!15sChXpq5jmnb7luILjgIDjgqvjg5XjgqdaFiIU6auY5p2-IOW4giDjgqvjg5XjgqeSAQtjb2ZmZWVfc2hvcJoBI0NoWkRTVWhOTUc5blMwVkpRMEZuU1VSd2QweFFWRXBSRUFF4AEA-gEECEIQFw!16s%2Fg%2F1tdycg58?entry=ttu&g_ep=EgoyMDI2MDYyMS4wIKXMDSoASAFQAw%3D%3D",2026-06-25 03:35:02
パラティッシ,data\html\google_maps\details\20260625_033515_パラティッシ.html,"https://www.google.com/maps/place/%E3%83%91%E3%83%A9%E3%83%86%E3%82%A3%E3%83%83%E3%82%B7/@34.3445561,133.9742025,13z/data=!4m11!1m3!2m2!1z6auY5p2-5biC44CA44Kr44OV44Kn!6e5!3m6!1s0x3553eaf31553bc1f:0x1fc27b52907589a!8m2!3d34.2936878!4d134.0639561!15sChXpq5jmnb7luILjgIDjgqvjg5XjgqdaFiIU6auY5p2-IOW4giDjgqvjg5XjgqeSAQtjb2ZmZWVfc2hvcJoBI0NoWkRTVWhOTUc5blMwVkpRMEZuU1VSbE5ISXlaRVJSRUFF4AEA-gEECFcQJg!16s%2Fg%2F11gb3ywzh1?entry=ttu&g_ep=EgoyMDI2MDYyMS4wIKXMDSoASAFQAw%3D%3D",2026-06-25 03:35:17
むさしの森珈琲 高松レインボーロード店,data\html\google_maps\details\20260625_033528_むさしの森珈琲_高松レインボーロード店.html,"https://www.google.com/maps/place/%E3%82%80%E3%81%95%E3%81%97%E3%81%AE%E6%A3%AE%E7%8F%88%E7%90%B2+%E9%AB%98%E6%9D%BE%E3%83%AC%E3%82%A4%E3%83%B3%E3%83%9C%E3%83%BC%E3%83%AD%E3%83%BC%E3%83%89%E5%BA%97/@34.3445561,133.9742025,13z/data=!4m11!1m3!2m2!1z6auY5p2-5biC44CA44Kr44OV44Kn!6e5!3m6!1s0x3553eafe53c55555:0x6866358d4123cb81!8m2!3d34.3101105!4d134.0606332!15sChXpq5jmnb7luILjgIDjgqvjg5XjgqdaFiIU6auY5p2-IOW4giDjgqvjg5XjgqeSAQRjYWZlmgEkQ2hkRFNVaE5NRzluUzBWSlEwRm5TVU5vTFRnMmRuRjNSUkFC4AEA-gEECAwQJg!16s%2Fg%2F11d_8b_414?entry=ttu&g_ep=EgoyMDI2MDYyMS4wIKXMDSoASAFQAw%3D%3D",2026-06-25 03:35:30
Chord Coffee,data\html\google_maps\details\20260625_033544_Chord_Coffee.html,"https://www.google.com/maps/place/Chord+Coffee/@34.3445561,133.9742025,13z/data=!4m11!1m3!2m2!1z6auY5p2-5biC44CA44Kr44OV44Kn!6e5!3m6!1s0x3553ebe499e1e76b:0x6576e6758aa4beb6!8m2!3d34.3265223!4d134.0600578!15sChXpq5jmnb7luILjgIDjgqvjg5XjgqdaFiIU6auY5p2-IOW4giDjgqvjg5XjgqeSAQtjb2ZmZWVfc2hvcJoBI0NoWkRTVWhOTUc5blMwVkpRMEZuU1VRdGNHTXlSV1ZSRUFF4AEA-gEECAAQHA!16s%2Fg%2F11j0vhld16?entry=ttu&g_ep=EgoyMDI2MDYyMS4wIKXMDSoASAFQAw%3D%3D",2026-06-25 03:35:46
喫茶 ひまわり,data\html\google_maps\details\20260625_033600_喫茶_ひまわり.html,"https://www.google.com/maps/place/%E5%96%AB%E8%8C%B6+%E3%81%B2%E3%81%BE%E3%82%8F%E3%82%8A/@34.3445561,133.9742025,13z/data=!4m11!1m3!2m2!1z6auY5p2-5biC44CA44Kr44OV44Kn!6e5!3m6!1s0x3553ebbc4cad0d93:0x4e7451f06fd3fe5b!8m2!3d34.3346245!4d134.0452511!15sChXpq5jmnb7luILjgIDjgqvjg5XjgqdaFiIU6auY5p2-IOW4giDjgqvjg5XjgqeSAQRjYWZlmgFEQ2k5RFFVbFJRVU52WkVOb2RIbGpSamx2VDJ0b2VsVjZXbnBWTTNCVVQxVTRNVlZyVG0xV2JHeHlaVVpHZDFrd1JSQULgAQD6AQQIEBAQ!16s%2Fg%2F1hbpwpdz4?entry=ttu&g_ep=EgoyMDI2MDYyMS4wIKXMDSoASAFQAw%3D%3D",2026-06-25 03:36:02
喫茶 メロウ,data\html\google_maps\details\20260625_033612_喫茶_メロウ.html,"https://www.google.com/maps/place/%E5%96%AB%E8%8C%B6+%E3%83%A1%E3%83%AD%E3%82%A6/@34.3445561,133.9742025,13z/data=!4m11!1m3!2m2!1z6auY5p2-5biC44CA44Kr44OV44Kn!6e5!3m6!1s0x3553eb6de1ee35fd:0xe239becb5569c468!8m2!3d34.3337163!4d134.05964!15sChXpq5jmnb7luILjgIDjgqvjg5XjgqdaFiIU6auY5p2-IOW4giDjgqvjg5XjgqeSAQRjYWZlmgEjQ2haRFNVaE5NRzluUzBWSlEwRm5TVVJHTlRsWE1VOW5FQUXgAQD6AQQIHRAW!16s%2Fg%2F11hzv3kzgz?entry=ttu&g_ep=EgoyMDI2MDYyMS4wIKXMDSoASAFQAw%3D%3D",2026-06-25 03:36:13
カフェしるく,data\html\google_maps\details\20260625_033627_カフェしるく.html,"https://www.google.com/maps/place/%E3%82%AB%E3%83%95%E3%82%A7%E3%81%97%E3%82%8B%E3%81%8F/@34.3268105,133.9273873,13z/data=!4m11!1m3!2m2!1z6auY5p2-5biC44CA44Kr44OV44Kn!6e5!3m6!1s0x3553e99704390d31:0x5df87e1fdd7b1769!8m2!3d34.3268105!4d134.003605!15sChXpq5jmnb7luILjgIDjgqvjg5XjgqdaFiIU6auY5p2-IOW4giDjgqvjg5XjgqeSAQRjYWZlmgEkQ2hkRFNVaE5NRzluUzBWSlEwRm5TVVF6YjI5MllXNUJSUkFC4AEA-gEECBEQGg!16s%2Fg%2F11f31tjt90?entry=ttu&g_ep=EgoyMDI2MDYyMS4wIKXMDSoASAFQAw%3D%3D",2026-06-25 03:36:28
KAGU☆cafe,data\html\google_maps\details\20260625_033643_KAGU☆cafe.html,"https://www.google.com/maps/place/KAGU%E2%98%86cafe/@34.3381526,134.0329778,13z/data=!4m11!1m3!2m2!1z6auY5p2-5biC44CA44Kr44OV44Kn!6e5!3m6!1s0x3553934440a759bb:0x27163144a3df7797!8m2!3d34.3381526!4d134.1091955!15sChXpq5jmnb7luILjgIDjgqvjg5XjgqdaFiIU6auY5p2-IOW4giDjgqvjg5XjgqeSAQRjYWZlmgEkQ2hkRFNVaE5NRzluUzBWSlEwRm5TVVF0ZG5abU5XeEJSUkFC4AEA-gEECAAQIg!16s%2Fg%2F11gcn_2762?entry=ttu&g_ep=EgoyMDI2MDYyMS4wIKXMDSoASAFQAw%3D%3D",2026-06-25 03:36:45
chafu,data\html\google_maps\details\20260625_033701_chafu.html,"https://www.google.com/maps/place/chafu/@34.3381526,134.0329778,13z/data=!4m11!1m3!2m2!1z6auY5p2-5biC44CA44Kr44OV44Kn!6e5!3m6!1s0x355394d47f3fb07b:0x6a756c4291471133!8m2!3d34.2992824!4d134.098633!15sChXpq5jmnb7luILjgIDjgqvjg5XjgqdaFiIU6auY5p2-IOW4giDjgqvjg5XjgqeSAQRjYWZlmgEjQ2haRFNVaE5NRzluUzBWSlEwRm5TVU5pTUhKNWJWaG5FQUXgAQD6AQUI0AEQIA!16s%2Fg%2F1tctvcq3?entry=ttu&g_ep=EgoyMDI2MDYyMS4wIKXMDSoASAFQAw%3D%3D",2026-06-25 03:37:03
SugarPlum,data\html\google_maps\details\20260625_033714_SugarPlum.html,"https://www.google.com/maps/place/SugarPlum/@34.3423247,133.9742717,13z/data=!3m1!5s0x3553eb9ae76035e3:0xcf44b5a11c34e9f2!4m11!1m3!2m2!1z6auY5p2-5biC44CA44Kr44OV44Kn!6e5!3m6!1s0x3553ebd9004d78cd:0x8349a46f8b4119f9!8m2!3d34.3423247!4d134.0504894!15sChXpq5jmnb7luILjgIDjgqvjg5XjgqdaFiIU6auY5p2-IOW4giDjgqvjg5XjgqeSAQRjYWZlmgFEQ2k5RFFVbFJRVU52WkVOb2RIbGpSamx2VDIxS2VrMTZaRVpWYWxwNldsaENWbE15T0RSWlZFWlVVV3BPU0ZreFJSQULgAQD6AQQIIBAb!16s%2Fg%2F11kpmlrnwt?entry=ttu&g_ep=EgoyMDI2MDYyMS4wIKXMDSoASAFQAw%3D%3D",2026-06-25 03:37:16
森のカフェ,data\html\google_maps\details\20260625_033733_森のカフェ.html,"https://www.google.com/maps/place/%E6%A3%AE%E3%81%AE%E3%82%AB%E3%83%95%E3%82%A7/@34.3190388,134.0167856,13z/data=!4m11!1m3!2m2!1z6auY5p2-5biC44CA44Kr44OV44Kn!6e5!3m6!1s0x3553eb4bbd7d52af:0x6271abc606bec233!8m2!3d34.3190388!4d134.0930033!15sChXpq5jmnb7luILjgIDjgqvjg5XjgqdaFiIU6auY5p2-IOW4giDjgqvjg5XjgqeSAQRjYWZlmgEjQ2haRFNVaE5NRzluUzBWSlEwRm5TVU5JTUhNeWEySlJFQUXgAQD6AQQIUxAc!16s%2Fg%2F1tfpmj92?entry=ttu&g_ep=EgoyMDI2MDYyMS4wIKXMDSoASAFQAw%3D%3D",2026-06-25 03:37:35
カフェ389,data\html\google_maps\details\20260625_033753_カフェ389.html,"https://www.google.com/maps/place/%E3%82%AB%E3%83%95%E3%82%A7389/@34.3422996,133.9692346,13z/data=!4m11!1m3!2m2!1z6auY5p2-5biC44CA44Kr44OV44Kn!6e5!3m6!1s0x3553eb0472b584ff:0x9a9376393b25146d!8m2!3d34.3422996!4d134.0454523!15sChXpq5jmnb7luILjgIDjgqvjg5XjgqdaFiIU6auY5p2-IOW4giDjgqvjg5XjgqeSAQRjYWZlmgEjQ2haRFNVaE5NRzluUzBWTFlrMTBXVE5GZFV4VGJrZEJFQUXgAQD6AQQIEhAW!16s%2Fg%2F11n7d165gm?entry=ttu&g_ep=EgoyMDI2MDYyMS4wIKXMDSoASAFQAw%3D%3D",2026-06-25 03:37:55
Fuji Cafe,data\html\google_maps\details\20260625_033808_Fuji_Cafe.html,"https://www.google.com/maps/place/Fuji+Cafe/@34.3422996,133.9692346,13z/data=!4m11!1m3!2m2!1z6auY5p2-5biC44CA44Kr44OV44Kn!6e5!3m6!1s0x3553eb80a4cd3aa3:0x6880e48bb4e498f8!8m2!3d34.3502678!4d134.0540197!15sChXpq5jmnb7luILjgIDjgqvjg5XjgqdaFiIU6auY5p2-IOW4giDjgqvjg5XjgqeSAQtjb2ZmZWVfc2hvcJoBJENoZERTVWhOTUc5blMwVkpRMEZuU1VSaWJXVmxVSFpCUlJBQuABAPoBBAh4ECU!16s%2Fg%2F11gcmx28_1?entry=ttu&g_ep=EgoyMDI2MDYyMS4wIKXMDSoASAFQAw%3D%3D",2026-06-25 03:38:10
agorette,data\html\google_maps\details\20260625_033823_agorette.html,"https://www.google.com/maps/place/agorette/@34.3200381,134.0172174,13z/data=!4m11!1m3!2m2!1z6auY5p2-5biC44CA44Kr44OV44Kn!6e5!3m6!1s0x3553eb873fd585d5:0x26c0e74ca702f293!8m2!3d34.3200381!4d134.0934351!15sChXpq5jmnb7luILjgIDjgqvjg5XjgqdaFiIU6auY5p2-IOW4giDjgqvjg5XjgqeSAQtjb2ZmZWVfc2hvcJoBJENoZERTVWhOTUc5blMwVkpRMEZuU1VSbGVVeHViVEZCUlJBQuABAPoBBAgbEBU!16s%2Fg%2F11t9pby__w?entry=ttu&g_ep=EgoyMDI2MDYyMS4wIKXMDSoASAFQAw%3D%3D",2026-06-25 03:38:25
i am.,data\html\google_maps\details\20260625_033838_i_am..html,"https://www.google.com/maps/place/i+am./@34.3415696,133.9737832,13z/data=!4m11!1m3!2m2!1z6auY5p2-5biC44CA44Kr44OV44Kn!6e5!3m6!1s0x3553eb9a5e0f21d7:0xbbad1f59f9e41b19!8m2!3d34.3415696!4d134.0500009!15sChXpq5jmnb7luILjgIDjgqvjg5XjgqdaFiIU6auY5p2-IOW4giDjgqvjg5XjgqeSAQRjYWZlmgEjQ2haRFNVaE5NRzluUzBWSlEwRm5TVVIyTkhGbVJGTkJFQUXgAQD6AQQIGhAd!16s%2Fg%2F11spnlt_h6?entry=ttu&g_ep=EgoyMDI2MDYyMS4wIKXMDSoASAFQAw%3D%3D",2026-06-25 03:38:40
ヨルカフェと。Cagalli | かがり,data\html\google_maps\details\20260625_033856_ヨルカフェと。Cagalli___かがり.html,"https://www.google.com/maps/place/%E3%83%A8%E3%83%AB%E3%82%AB%E3%83%95%E3%82%A7%E3%81%A8%E3%80%82Cagalli+%7C+%E3%81%8B%E3%81%8C%E3%82%8A/@34.3415696,133.9737832,13z/data=!4m11!1m3!2m2!1z6auY5p2-5biC44CA44Kr44OV44Kn!6e5!3m6!1s0x3553eba7814aabc9:0xa3e0932928287426!8m2!3d34.3112287!4d134.0442358!15sChXpq5jmnb7luILjgIDjgqvjg5XjgqdaFiIU6auY5p2-IOW4giDjgqvjg5XjgqeSAQRjYWZlmgEjQ2haRFNVaE5NRzluUzBWSlEwRm5TVU5vY1dSaU4waDNFQUXgAQD6AQQIABAi!16s%2Fg%2F11szfkb0w7?entry=ttu&g_ep=EgoyMDI2MDYyMS4wIKXMDSoASAFQAw%3D%3D",2026-06-25 03:38:58
アイスビストロ ヒライ,data\html\google_maps\details\20260625_033915_アイスビストロ_ヒライ.html,"https://www.google.com/maps/place/%E3%82%A2%E3%82%A4%E3%82%B9%E3%83%93%E3%82%B9%E3%83%88%E3%83%AD+%E3%83%92%E3%83%A9%E3%82%A4/@34.3415696,133.9737832,13z/data=!4m11!1m3!2m2!1z6auY5p2-5biC44CA44Kr44OV44Kn!6e5!3m6!1s0x3553eb35734b4da9:0x5447264950060121!8m2!3d34.3403599!4d134.0544683!15sChXpq5jmnb7luILjgIDjgqvjg5XjgqdaFiIU6auY5p2-IOW4giDjgqvjg5XjgqeSAQ5pY2VfY3JlYW1fc2hvcJoBJENoZERTVWhOTUc5blMwVkpRMEZuU1VSS09UZ3lRVGhCUlJBQuABAPoBBAg4EB4!16s%2Fg%2F11gxrw_dn8?entry=ttu&g_ep=EgoyMDI2MDYyMS4wIKXMDSoASAFQAw%3D%3D",2026-06-25 03:39:17
mocco kagawa,data\html\google_maps\details\20260625_033931_mocco_kagawa.html,"https://www.google.com/maps/place/mocco+kagawa/@34.3415696,133.9737832,13z/data=!4m11!1m3!2m2!1z6auY5p2-5biC44CA44Kr44OV44Kn!6e5!3m6!1s0x3553eb2af2629dc1:0xb638c2d0d06f9091!8m2!3d34.3388453!4d134.0484733!15sChXpq5jmnb7luILjgIDjgqvjg5XjgqdaFiIU6auY5p2-IOW4giDjgqvjg5XjgqeSAQRjYWZlmgEjQ2haRFNVaE5NRzluUzBWSlEwRm5TVU0zTFV0eFJrdDNFQUXgAQD6AQQIUhAd!16s%2Fg%2F11v15_3mls?entry=ttu&g_ep=EgoyMDI2MDYyMS4wIKXMDSoASAFQAw%3D%3D",2026-06-25 03:39:33
鳩谷商店 cafe&dogpark,data\html\google_maps\details\20260625_033955_鳩谷商店_cafe&dogpark.html,"https://www.google.com/maps/place/%E9%B3%A9%E8%B0%B7%E5%95%86%E5%BA%97+cafe%26dogpark/@34.3836218,134.0532241,13z/data=!4m11!1m3!2m2!1z6auY5p2-5biC44CA44Kr44OV44Kn!6e5!3m6!1s0x355393d31afac8a9:0xccf4e6b30d9316ae!8m2!3d34.3836218!4d134.1294418!15sChXpq5jmnb7luILjgIDjgqvjg5XjgqdaFiIU6auY5p2-IOW4giDjgqvjg5XjgqeSAQRjYWZlmgEkQ2hkRFNVaE5NRzluUzBWSlEwRm5UVU5KTmxvM1ZuTlJSUkFC4AEA-gEECAAQHg!16s%2Fg%2F11tnyv7p29?entry=ttu&g_ep=EgoyMDI2MDYyMS4wIKXMDSoASAFQAw%3D%3D",2026-06-25 03:39:57
高松くつわ堂本店,data\html\google_maps\details\20260625_034009_高松くつわ堂本店.html,"https://www.google.com/maps/place/%E9%AB%98%E6%9D%BE%E3%81%8F%E3%81%A4%E3%82%8F%E5%A0%82%E6%9C%AC%E5%BA%97/@34.346088,133.974624,13z/data=!4m11!1m3!2m2!1z6auY5p2-5biC44CA44Kr44OV44Kn!6e5!3m6!1s0x3553eb85b2ce094d:0xdf1ee62e213ecdd1!8m2!3d34.346088!4d134.0508417!15sChXpq5jmnb7luILjgIDjgqvjg5XjgqdaFiIU6auY5p2-IOW4giDjgqvjg5XjgqeSAQRjYWZlmgEkQ2hkRFNVaE5NRzluUzBWSlEwRm5TVU40YUVsVWJYZEJSUkFC4AEA-gEECCUQFg!16s%2Fg%2F1vxct6yp?entry=ttu&g_ep=EgoyMDI2MDYyMS4wIKXMDSoASAFQAw%3D%3D",2026-06-25 03:40:11
cafe Le CoeuR,data\html\google_maps\details\20260625_034034_cafe_Le_CoeuR.html,"https://www.google.com/maps/place/cafe+Le+CoeuR/@34.346088,133.974624,13z/data=!4m11!1m3!2m2!1z6auY5p2-5biC44CA44Kr44OV44Kn!6e5!3m6!1s0x3553eb8544b365a9:0xe0ebc03deec992c5!8m2!3d34.3448387!4d134.0489982!15sChXpq5jmnb7luILjgIDjgqvjg5XjgqdaFiIU6auY5p2-IOW4giDjgqvjg5XjgqeSAQRjYWZl4AEA!16s%2Fg%2F1tfdwp6g?entry=ttu&g_ep=EgoyMDI2MDYyMS4wIKXMDSoASAFQAw%3D%3D",2026-06-25 03:40:36
cafe MONTE,data\html\google_maps\details\20260625_034055_cafe_MONTE.html,"https://www.google.com/maps/place/cafe+MONTE/@34.2763947,134.0071229,13z/data=!4m11!1m3!2m2!1z6auY5p2-5biC44CA44Kr44OV44Kn!6e5!3m6!1s0x3553eabb1162b5b9:0x57846dd51cb729c3!8m2!3d34.2763947!4d134.0833406!15sChXpq5jmnb7luILjgIDjgqvjg5XjgqdaFiIU6auY5p2-IOW4giDjgqvjg5XjgqeSAQRjYWZlmgFEQ2k5RFFVbFJRVU52WkVOb2RIbGpSamx2VDI1Q2MwOUlUa2RQUlhoWFducFdWbEpxUm5WVGEwWTFXVzFLUkU5WFl4QULgAQD6AQQIHRAZ!16s%2Fg%2F1tdd_522?entry=ttu&g_ep=EgoyMDI2MDYyMS4wIKXMDSoASAFQAw%3D%3D",2026-06-25 03:40:57
カフェ＆レスト USA,data\html\google_maps\details\20260625_034117_カフェ＆レスト_USA.html,"https://www.google.com/maps/place/%E3%82%AB%E3%83%95%E3%82%A7%EF%BC%86%E3%83%AC%E3%82%B9%E3%83%88+USA/@34.2763947,134.0071229,13z/data=!4m11!1m3!2m2!1z6auY5p2-5biC44CA44Kr44OV44Kn!6e5!3m6!1s0x3553ebc1fc22544f:0x9be117100c86eb!8m2!3d34.3336405!4d134.0486469!15sChXpq5jmnb7luILjgIDjgqvjg5XjgqdaFiIU6auY5p2-IOW4giDjgqvjg5XjgqeSAQRjYWZlmgEjQ2haRFNVaE5NRzluUzBWSlEwRm5TVU4xT0ZreVYxRlJFQUXgAQD6AQQIABAZ!16s%2Fg%2F11h1kbz8mj?entry=ttu&g_ep=EgoyMDI2MDYyMS4wIKXMDSoASAFQAw%3D%3D",2026-06-25 03:41:20
勉強カフェ 高松スタジオ,data\html\google_maps\details\20260625_034147_勉強カフェ_高松スタジオ.html,"https://www.google.com/maps/place/%E5%8B%89%E5%BC%B7%E3%82%AB%E3%83%95%E3%82%A7+%E9%AB%98%E6%9D%BE%E3%82%B9%E3%82%BF%E3%82%B8%E3%82%AA/@34.3466241,133.9712607,13z/data=!4m11!1m3!2m2!1z6auY5p2-5biC44CA44Kr44OV44Kn!6e5!3m6!1s0x3553ebb81e4d787f:0xc90a036d014a856d!8m2!3d34.3466241!4d134.0474784!15sChXpq5jmnb7luILjgIDjgqvjg5XjgqdaFiIU6auY5p2-IOW4giDjgqvjg5XjgqeSAQ9zdHVkeWluZ19jZW50ZXKaASNDaFpEU1VoTk1HOW5TMFZKUTBGblNVTnVkeTFZZGtobkVBReABAPoBBAgAEBg!16s%2Fg%2F11vcr9_mkr?entry=ttu&g_ep=EgoyMDI2MDYyMS4wIKXMDSoASAFQAw%3D%3D",2026-06-25 03:41:48
L'cafe TAKAMATSU (エルカフェ タカマツ),data\html\google_maps\details\20260625_034204_L'cafe_TAKAMATSU_(エルカフェ_タカマツ).html,"https://www.google.com/maps/place/L'cafe+TAKAMATSU+(%E3%82%A8%E3%83%AB%E3%82%AB%E3%83%95%E3%82%A7+%E3%82%BF%E3%82%AB%E3%83%9E%E3%83%84)/@34.3466241,133.9712607,13z/data=!3m1!5s0x3553eb8525595ae7:0xfcb77dc6bd0d1766!4m11!1m3!2m2!1z6auY5p2-5biC44CA44Kr44OV44Kn!6e5!3m6!1s0x3553eb851b452fb3:0xe9a9ef4eaa93eed6!8m2!3d34.3450792!4d134.0504987!15sChXpq5jmnb7luILjgIDjgqvjg5XjgqdaFiIU6auY5p2-IOW4giDjgqvjg5XjgqeSAQ1iYXJfYW5kX2dyaWxsmgEkQ2hkRFNVaE5NRzluUzBWSlEwRm5TVVJDY1UxcFNqTjNSUkFC4AEA-gEECEsQFQ!16s%2Fg%2F11c5xttnp0?entry=ttu&g_ep=EgoyMDI2MDYyMS4wIKXMDSoASAFQAw%3D%3D",2026-06-25 03:42:06
サニールートコーヒー,data\html\google_maps\details\20260625_034223_サニールートコーヒー.html,"https://www.google.com/maps/place/%E3%82%B5%E3%83%8B%E3%83%BC%E3%83%AB%E3%83%BC%E3%83%88%E3%82%B3%E3%83%BC%E3%83%92%E3%83%BC/@34.3466241,133.9712607,13z/data=!3m1!5s0x3553eca8d9dbc9d5:0x4649362fcc20150a!4m11!1m3!2m2!1z6auY5p2-5biC44CA44Kr44OV44Kn!6e5!3m6!1s0x3553ecaf2a5dae07:0x3b8d373f6280eabe!8m2!3d34.3391819!4d134.0887741!15sChXpq5jmnb7luILjgIDjgqvjg5XjgqdaFiIU6auY5p2-IOW4giDjgqvjg5XjgqeSAQtjb2ZmZWVfc2hvcJoBJENoZERTVWhOTUc5blMwVkpRMEZuU1VNdGRtRk1PR2wzUlJBQuABAPoBBAgAEBo!16s%2Fg%2F11bbxgd8xb?entry=ttu&g_ep=EgoyMDI2MDYyMS4wIKXMDSoASAFQAw%3D%3D",2026-06-25 03:42:25
三びきの子ぶた,data\html\google_maps\details\20260625_034237_三びきの子ぶた.html,"https://www.google.com/maps/place/%E4%B8%89%E3%81%B3%E3%81%8D%E3%81%AE%E5%AD%90%E3%81%B6%E3%81%9F/@34.3466241,133.9712607,13z/data=!3m1!5s0x3553eb9bd96ff27f:0xd0ec79ad555df000!4m11!1m3!2m2!1z6auY5p2-5biC44CA44Kr44OV44Kn!6e5!3m6!1s0x3553eb9bd99f3863:0x557cf5ce9d1c9f11!8m2!3d34.3386338!4d134.051646!15sChXpq5jmnb7luILjgIDjgqvjg5XjgqdaFiIU6auY5p2-IOW4giDjgqvjg5XjgqeSAQRjYWZlmgEkQ2hkRFNVaE5NRzluUzBWSlEwRm5TVVJKTFUwM00zTkJSUkFC4AEA-gEECAsQJw!16s%2Fg%2F1th6bnnk?entry=ttu&g_ep=EgoyMDI2MDYyMS4wIKXMDSoASAFQAw%3D%3D",2026-06-25 03:42:39
トリカフェ,data\html\google_maps\details\20260625_034311_トリカフェ.html,"https://www.google.com/maps/place/%E3%83%88%E3%83%AA%E3%82%AB%E3%83%95%E3%82%A7/@34.3466241,133.9712607,13z/data=!4m11!1m3!2m2!1z6auY5p2-5biC44CA44Kr44OV44Kn!6e5!3m6!1s0x3553eb85ae48978d:0xe3bc552a3a58a377!8m2!3d34.3462644!4d134.0504836!15sChXpq5jmnb7luILjgIDjgqvjg5XjgqdaFiIU6auY5p2-IOW4giDjgqvjg5XjgqeSAQRjYWZlmgEkQ2hkRFNVaE5NRzluUzBWSlEwRm5TVU5PYTNJMlNtaFJSUkFC4AEA-gEECAAQJA!16s%2Fg%2F1tqpx1vw?entry=ttu&g_ep=EgoyMDI2MDYyMS4wIKXMDSoASAFQAw%3D%3D",2026-06-25 03:43:12
アニー,data\html\google_maps\details\20260625_034326_アニー.html,"https://www.google.com/maps/place/%E3%82%A2%E3%83%8B%E3%83%BC/@34.3466241,133.9712607,13z/data=!4m11!1m3!2m2!1z6auY5p2-5biC44CA44Kr44OV44Kn!6e5!3m6!1s0x3553eb975237492d:0x95ea365f51867715!8m2!3d34.3397899!4d134.0479714!15sChXpq5jmnb7luILjgIDjgqvjg5XjgqdaFiIU6auY5p2-IOW4giDjgqvjg5XjgqeSAQtjb2ZmZWVfc2hvcJoBJENoZERTVWhOTUc5blMwVkpRMEZuU1VObGVqaHFhWE5SUlJBQuABAPoBBAhpEBs!16s%2Fg%2F11h_rcbhs6?entry=ttu&g_ep=EgoyMDI2MDYyMS4wIKXMDSoASAFQAw%3D%3D",2026-06-25 03:43:28
コノジ,data\html\google_maps\details\20260625_034341_コノジ.html,"https://www.google.com/maps/place/%E3%82%B3%E3%83%8E%E3%82%B8/@34.3466241,133.9712607,13z/data=!4m11!1m3!2m2!1z6auY5p2-5biC44CA44Kr44OV44Kn!6e5!3m6!1s0x3553eba65e8244e5:0x6b37a1f0779f182b!8m2!3d34.342787!4d134.0493701!15sChXpq5jmnb7luILjgIDjgqvjg5XjgqdaFiIU6auY5p2-IOW4giDjgqvjg5XjgqeSAQRjYWZlmgFEQ2k5RFFVbFJRVU52WkVOb2RIbGpSamx2VDJ0c1prOVhSWFJOYTBwVlUwVnNRMVJYWkZKWFdGVXhUbXRzYmsxV1JSQULgAQD6AQQIFRAl!16s%2Fg%2F11j0v1n54g?entry=ttu&g_ep=EgoyMDI2MDYyMS4wIKXMDSoASAFQAw%3D%3D",2026-06-25 03:43:43
モリマリカフェ,data\html\google_maps\details\20260625_034356_モリマリカフェ.html,"https://www.google.com/maps/place/%E3%83%A2%E3%83%AA%E3%83%9E%E3%83%AA%E3%82%AB%E3%83%95%E3%82%A7/@34.3466241,133.9712607,13z/data=!4m11!1m3!2m2!1z6auY5p2-5biC44CA44Kr44OV44Kn!6e5!3m6!1s0x3553eb579a8c5801:0xc71c1b37f585055b!8m2!3d34.3341308!4d134.0875001!15sChXpq5jmnb7luILjgIDjgqvjg5XjgqdaFiIU6auY5p2-IOW4giDjgqvjg5XjgqeSAQRjYWZlmgEkQ2hkRFNVaE5NRzluUzBWSlEwRm5TVVJXZFhFeVNXaDNSUkFC4AEA-gEECBkQGQ!16s%2Fg%2F1vv2q1lv?entry=ttu&g_ep=EgoyMDI2MDYyMS4wIKXMDSoASAFQAw%3D%3D",2026-06-25 03:43:58
GAO,data\html\google_maps\details\20260625_034417_GAO.html,"https://www.google.com/maps/place/GAO/@34.3466241,133.9712607,13z/data=!4m11!1m3!2m2!1z6auY5p2-5biC44CA44Kr44OV44Kn!6e5!3m6!1s0x3553eb85689ecab1:0x47add60a9d1c96e!8m2!3d34.3453684!4d134.0491153!15sChXpq5jmnb7luILjgIDjgqvjg5XjgqdaFiIU6auY5p2-IOW4giDjgqvjg5XjgqeSAQNiYXKaASNDaFpEU1VoTk1HOW5TMFZKUTBGblNVUkNka3RYUkZWbkVBReABAPoBBAhCEA4!16s%2Fg%2F1hc2rtn7l?entry=ttu&g_ep=EgoyMDI2MDYyMS4wIKXMDSoASAFQAw%3D%3D",2026-06-25 03:44:18
HOLIDAY GOOD MORNING,data\html\google_maps\details\20260625_034448_HOLIDAY_GOOD_MORNING.html,"https://www.google.com/maps/place/HOLIDAY+GOOD+MORNING/@34.3466241,133.9712607,13z/data=!4m11!1m3!2m2!1z6auY5p2-5biC44CA44Kr44OV44Kn!6e5!3m6!1s0x3553eb00193f93dd:0xde3b53a8ec423c19!8m2!3d34.3464946!4d134.0438925!15sChXpq5jmnb7luILjgIDjgqvjg5XjgqdaFiIU6auY5p2-IOW4giDjgqvjg5XjgqeSARRicmVha2Zhc3RfcmVzdGF1cmFudJoBI0NoWkRTVWhOTUc5blMwVkpRMEZuU1VObWJFOUxla05CRUFF4AEA-gEECC8QHg!16s%2Fg%2F11lyw967nd?entry=ttu&g_ep=EgoyMDI2MDYyMS4wIKXMDSoASAFQAw%3D%3D",2026-06-25 03:44:50
はりゅう珈琲,data\html\google_maps\details\20260625_034503_はりゅう珈琲.html,"https://www.google.com/maps/place/%E3%81%AF%E3%82%8A%E3%82%85%E3%81%86%E7%8F%88%E7%90%B2/@34.2676881,133.9950178,13z/data=!4m11!1m3!2m2!1z6auY5p2-5biC44CA44Kr44OV44Kn!6e5!3m6!1s0x3553c183668b253d:0x1671abf10c8b7ef5!8m2!3d34.2676881!4d134.0712355!15sChXpq5jmnb7luILjgIDjgqvjg5XjgqdaFiIU6auY5p2-IOW4giDjgqvjg5XjgqeSAQtjb2ZmZWVfc2hvcJoBJENoZERTVWhOTUc5blMwVkpRMEZuVFVObmVXRnVjSE4zUlJBQuABAPoBBAgAEBU!16s%2Fg%2F11gw0zkn4t?entry=ttu&g_ep=EgoyMDI2MDYyMS4wIKXMDSoASAFQAw%3D%3D",2026-06-25 03:45:05
コトナミ,data\html\google_maps\details\20260625_034531_コトナミ.html,"https://www.google.com/maps/place/%E3%82%B3%E3%83%88%E3%83%8A%E3%83%9F/@34.3573437,133.9880313,13z/data=!4m11!1m3!2m2!1z6auY5p2-5biC44CA44Kr44OV44Kn!6e5!3m6!1s0x3553ed809d180ba1:0xafad7cbbca275d9f!8m2!3d34.3573437!4d134.064249!15sChXpq5jmnb7luILjgIDjgqvjg5XjgqdaFiIU6auY5p2-IOW4giDjgqvjg5XjgqeSAQRjYWZlmgEjQ2haRFNVaE5NRzluUzBWSlEwRm5TVVEyYW1OdVJFVkJFQUXgAQD6AQUIjwEQHw!16s%2Fg%2F11hf3h7fwn?entry=ttu&g_ep=EgoyMDI2MDYyMS4wIKXMDSoASAFQAw%3D%3D",2026-06-25 03:45:33
slowcafe,data\html\google_maps\details\20260625_034556_slowcafe.html,"https://www.google.com/maps/place/slowcafe/@34.3573437,133.9880313,13z/data=!4m11!1m3!2m2!1z6auY5p2-5biC44CA44Kr44OV44Kn!6e5!3m6!1s0x3553eb1fbef7fffb:0x13fdc6e477728f06!8m2!3d34.3020426!4d134.0565407!15sChXpq5jmnb7luILjgIDjgqvjg5XjgqdaFiIU6auY5p2-IOW4giDjgqvjg5XjgqeSAQtjb2ZmZWVfc2hvcJoBJENoZERTVWhOTUc5blMwVkpRMEZuU1VSbE5IRkRVeTEzUlJBQuABAPoBBAh-ECI!16s%2Fg%2F11rc499w_y?entry=ttu&g_ep=EgoyMDI2MDYyMS4wIKXMDSoASAFQAw%3D%3D",2026-06-25 03:45:58
カフェ クウネル,data\html\google_maps\details\20260625_034619_カフェ_クウネル.html,"https://www.google.com/maps/place/%E3%82%AB%E3%83%95%E3%82%A7+%E3%82%AF%E3%82%A6%E3%83%8D%E3%83%AB/@34.2975369,133.9163697,13z/data=!4m11!1m3!2m2!1z6auY5p2-5biC44CA44Kr44OV44Kn!6e5!3m6!1s0x3553c26fe0a0bfed:0x10eb6f298573873a!8m2!3d34.2975369!4d133.9925874!15sChXpq5jmnb7luILjgIDjgqvjg5XjgqdaFiIU6auY5p2-IOW4giDjgqvjg5XjgqeSAQRjYWZlmgEjQ2haRFNVaE5NRzluUzBWSlEwRm5TVVJtT1hSbFVHWjNFQUXgAQD6AQQIABAf!16s%2Fg%2F1tkrjmcn?entry=ttu&g_ep=EgoyMDI2MDYyMS4wIKXMDSoASAFQAw%3D%3D",2026-06-25 03:46:21
カフェ甘露,data\html\google_maps\details\20260625_034703_カフェ甘露.html,"https://www.google.com/maps/place/%E3%82%AB%E3%83%95%E3%82%A7%E7%94%98%E9%9C%B2/@34.345982,133.9945243,13z/data=!4m11!1m3!2m2!1z6auY5p2-5biC44CA44Kr44OV44Kn!6e5!3m6!1s0x3553ec9c4f2f063f:0x1e8f7bb9ec5d74cc!8m2!3d34.345982!4d134.070742!15sChXpq5jmnb7luILjgIDjgqvjg5XjgqdaFiIU6auY5p2-IOW4giDjgqvjg5XjgqeSAQRjYWZlmgEjQ2haRFNVaE5NRzluUzBWSlEwRm5TVU5ZY1RaWFZGcDNFQUXgAQD6AQQIGRAi!16s%2Fg%2F1tdvg_f5?entry=ttu&g_ep=EgoyMDI2MDYyMS4wIKXMDSoASAFQAw%3D%3D",2026-06-25 03:47:05
カフェ ルー,data\html\google_maps\details\20260625_034735_カフェ_ルー.html,"https://www.google.com/maps/place/%E3%82%AB%E3%83%95%E3%82%A7+%E3%83%AB%E3%83%BC/@34.345982,133.9945243,13z/data=!4m11!1m3!2m2!1z6auY5p2-5biC44CA44Kr44OV44Kn!6e5!3m6!1s0x3553eb99de0abbfb:0x764a96447185708!8m2!3d34.3265313!4d134.048425!15sChXpq5jmnb7luILjgIDjgqvjg5XjgqdaFiIU6auY5p2-IOW4giDjgqvjg5XjgqeSAQRjYWZlmgEkQ2hkRFNVaE5NRzluUzBWSlEwRm5TVVJFZVRsNWVXbG5SUkFC4AEA-gEECAAQDw!16s%2Fg%2F11j00rx28y?entry=ttu&g_ep=EgoyMDI2MDYyMS4wIKXMDSoASAFQAw%3D%3D",2026-06-25 03:47:37
南珈琲店,data\html\google_maps\details\20260625_034757_南珈琲店.html,"https://www.google.com/maps/place/%E5%8D%97%E7%8F%88%E7%90%B2%E5%BA%97/@34.345982,133.9945243,13z/data=!3m1!5s0x3553eb9a6e845617:0x757465e099110e0e!4m11!1m3!2m2!1z6auY5p2-5biC44CA44Kr44OV44Kn!6e5!3m6!1s0x3553eb9a6c37d0bf:0xe227e8cdcd5c85e0!8m2!3d34.3408549!4d134.0493209!15sChXpq5jmnb7luILjgIDjgqvjg5XjgqdaFiIU6auY5p2-IOW4giDjgqvjg5XjgqeSAQtjb2ZmZWVfc2hvcJoBRENpOURRVWxSUVVOdlpFTm9kSGxqUmpsdlQycHNVRlJZVWxaVVNHaDZZVzVrYkdOclZrOWhibXg0VWpOa1NXTXdSUkFC4AEA-gEECEgQIg!16s%2Fg%2F1td7r02m?entry=ttu&g_ep=EgoyMDI2MDYyMS4wIKXMDSoASAFQAw%3D%3D",2026-06-25 03:47:58
レガロビズ,data\html\google_maps\details\20260625_034835_レガロビズ.html,"https://www.google.com/maps/place/%E3%83%AC%E3%82%AC%E3%83%AD%E3%83%93%E3%82%BA/@34.345982,133.9945243,13z/data=!4m11!1m3!2m2!1z6auY5p2-5biC44CA44Kr44OV44Kn!6e5!3m6!1s0x3553952bdc0bb6db:0xdd8ad63181c908dc!8m2!3d34.290927!4d134.100427!15sChXpq5jmnb7luILjgIDjgqvjg5XjgqdaFiIU6auY5p2-IOW4giDjgqvjg5XjgqeSAQtjb2ZmZWVfc2hvcJoBJENoZERTVWhOTUc5blMwVkpRMEZuU1VRNU9XTnBOREZuUlJBQuABAPoBBAhgECY!16s%2Fg%2F11b6njqy0m?entry=ttu&g_ep=EgoyMDI2MDYyMS4wIKXMDSoASAFQAw%3D%3D",2026-06-25 03:48:37
ジャラク コーヒー & カカオ,data\html\google_maps\details\20260625_034916_ジャラク_コーヒー_&_カカオ.html,"https://www.google.com/maps/place/%E3%82%B8%E3%83%A3%E3%83%A9%E3%82%AF+%E3%82%B3%E3%83%BC%E3%83%92%E3%83%BC+%26+%E3%82%AB%E3%82%AB%E3%82%AA/@34.307942,133.9604163,13z/data=!4m11!1m3!2m2!1z6auY5p2-5biC44CA44Kr44OV44Kn!6e5!3m6!1s0x3553ebd5072cdd1b:0x7f098c90ed0c418f!8m2!3d34.307942!4d134.036634!15sChXpq5jmnb7luILjgIDjgqvjg5XjgqdaFiIU6auY5p2-IOW4giDjgqvjg5XjgqeSAQtjb2ZmZWVfc2hvcJoBJENoZERTVWhOTUc5blMwVkpRMEZuU1VOS01VNUxhM05SUlJBQuABAPoBBAgAECA!16s%2Fg%2F11h71fzc6f?entry=ttu&g_ep=EgoyMDI2MDYyMS4wIKXMDSoASAFQAw%3D%3D",2026-06-25 03:49:18
カフェ＆ランチ あんでるせん,data\html\google_maps\details\20260625_035148_カフェ＆ランチ_あんでるせん.html,"https://www.google.com/maps/place/%E3%82%AB%E3%83%95%E3%82%A7%EF%BC%86%E3%83%A9%E3%83%B3%E3%83%81+%E3%81%82%E3%82%93%E3%81%A7%E3%82%8B%E3%81%9B%E3%82%93/@34.3363401,134.0365132,15z/data=!4m11!1m3!2m2!1z6auY5p2-5biC44CA44Kr44OV44Kn!6e5!3m6!1s0x3553eb98fe72775f:0x2c6537cf6cfd95c4!8m2!3d34.3363729!4d134.0511227!15sChXpq5jmnb7luILjgIDjgqvjg5XjgqdaFiIU6auY5p2-IOW4giDjgqvjg5XjgqeSAQRjYWZlmgEkQ2hkRFNVaE5NRzluUzBWUVUzWjBiek5HYlVsVGQzSm5SUkFC4AEA-gEFCLsBEBs!16s%2Fg%2F1v3kf9tk?entry=ttu&g_ep=EgoyMDI2MDYyMS4wIKXMDSoASAFQAw%3D%3D",2026-06-25 03:51:50
高松市　カフェ,data\html\google_maps\details\20260625_035235_高松市_カフェ.html,"https://www.google.com/maps/search/%E9%AB%98%E6%9D%BE%E5%B8%82%E3%80%80%E3%82%AB%E3%83%95%E3%82%A7/@34.3445567,134.0477467,17z/data=!4m2!2m1!6e5?entry=ttu&g_ep=EgoyMDI2MDYyMS4wIKXMDSoASAFQAw%3D%3D",2026-06-25 03:52:36
アサイー工房 高松店/アサイー専門店,data\html\google_maps\details\20260625_035300_アサイー工房_高松店_アサイー専門店.html,"https://www.google.com/maps/place/%E3%82%A2%E3%82%B5%E3%82%A4%E3%83%BC%E5%B7%A5%E6%88%BF+%E9%AB%98%E6%9D%BE%E5%BA%97%2F%E3%82%A2%E3%82%B5%E3%82%A4%E3%83%BC%E5%B0%82%E9%96%80%E5%BA%97/@34.3427067,134.0451839,17z/data=!4m11!1m3!2m2!1z6auY5p2-5biC44CA44Kr44OV44Kn!6e5!3m6!1s0x3553eb0044757d75:0x1437434b2efa2505!8m2!3d34.3427067!4d134.0499475!15sChXpq5jmnb7luILjgIDjgqvjg5XjgqdaFiIU6auY5p2-IOW4giDjgqvjg5XjgqeSAQlhY2FpX3Nob3CaAURDaTlEUVVsUlFVTnZaRU5vZEhsalJqbHZUMnhhZVZWcWJFaE5iVkozVmpBMU1GSnJPV0ZpUlc4MVVteGFibGt3UlJBQuABAPoBBAgAEB8!16s%2Fg%2F11xgm857pb?entry=ttu&g_ep=EgoyMDI2MDYyMS4wIKXMDSoASAFQAw%3D%3D",2026-06-25 03:53:02
コージー,data\html\google_maps\details\20260625_035326_コージー.html,"https://www.google.com/maps/place/%E3%82%B3%E3%83%BC%E3%82%B8%E3%83%BC/@34.3457038,134.0488216,17z/data=!4m11!1m3!2m2!1z6auY5p2-5biC44CA44Kr44OV44Kn!6e5!3m6!1s0x3553eb83f142be95:0xd6c283059352add2!8m2!3d34.3457047!4d134.0535852!15sChXpq5jmnb7luILjgIDjgqvjg5XjgqdaFiIU6auY5p2-IOW4giDjgqvjg5XjgqeSAQRjYWZlmgEjQ2haRFNVaE5NRzluUzBWSlEwRm5TVVJrTldSNVZsbG5FQUXgAQD6AQQINxAZ!16s%2Fg%2F12qgtv20s?entry=ttu&g_ep=EgoyMDI2MDYyMS4wIKXMDSoASAFQAw%3D%3D",2026-06-25 03:53:28
Remza,data\html\google_maps\details\20260625_035405_Remza.html,"https://www.google.com/maps/place/Remza/@34.3550576,134.1047468,14z/data=!4m11!1m3!2m2!1z6auY5p2-5biC44CA44Kr44OV44Kn!6e5!3m6!1s0x355392ff20158c9d:0x11d2a27aceeaae8!8m2!3d34.3550324!4d134.1317445!15sChXpq5jmnb7luILjgIDjgqvjg5XjgqdaFiIU6auY5p2-IOW4giDjgqvjg5XjgqeSAQtjb2ZmZWVfc2hvcJoBJENoZERTVWhOTUc5blMwVkpRMEZuU1VScWNrNXVkRzlCUlJBQuABAPoBBAgAECQ!16s%2Fg%2F11bx1zcx_x?entry=ttu&g_ep=EgoyMDI2MDYyMS4wIKXMDSoASAFQAw%3D%3D",2026-06-25 03:54:07
cafenest,data\html\google_maps\details\20260625_035452_cafenest.html,"https://www.google.com/maps/place/cafenest/@34.342001,134.1072318,14z/data=!4m11!1m3!2m2!1z6auY5p2-5biC44CA44Kr44OV44Kn!6e5!3m6!1s0x35539308cf5c7ccf:0xe6a224fa5486a134!8m2!3d34.3420361!4d134.1299092!15sChXpq5jmnb7luILjgIDjgqvjg5XjgqdaFiIU6auY5p2-IOW4giDjgqvjg5XjgqeSAQRjYWZlmgEkQ2hkRFNVaE5NRzluUzBWT1RGOXNOVkJOYm1acVUzcG5SUkFC4AEA-gEECGQQGw!16s%2Fg%2F12xpsg3jg?entry=ttu&g_ep=EgoyMDI2MDYyMS4wIKXMDSoASAFQAw%3D%3D",2026-06-25 03:54:54
カフェ ウィーンえすぷれっそ,data\html\google_maps\details\20260625_035602_カフェ_ウィーンえすぷれっそ.html,"https://www.google.com/maps/search/%E9%AB%98%E6%9D%BE%E5%B8%82%E3%80%80%E3%82%AB%E3%83%95%E3%82%A7/@34.3235375,134.1516924,14z/data=!4m2!2m1!6e5?entry=ttu&g_ep=EgoyMDI2MDYyMS4wIKXMDSoASAFQAw%3D%3D",2026-06-25 03:56:04
Muu,data\html\google_maps\details\20260625_035618_Muu.html,"https://www.google.com/maps/place/Muu/@34.3082782,134.1892648,14z/data=!4m11!1m3!2m2!1z6auY5p2-5biC44CA44Kr44OV44Kn!6e5!3m6!1s0x35539187d3b51b41:0xe549d23dbf346739!8m2!3d34.3082743!4d134.2273701!15sChXpq5jmnb7luILjgIDjgqvjg5XjgqdaFiIU6auY5p2-IOW4giDjgqvjg5XjgqeSAQRjYWZlmgFEQ2k5RFFVbFJRVU52WkVOb2RIbGpSamx2VDI1U2NWbHFiRnBUV0ZJMFlUQmFRMUpFYUc5U1JURXlXVEpXU0ZadFl4QULgAQD6AQQIWhAX!16s%2Fg%2F11v_01lp2q?entry=ttu&g_ep=EgoyMDI2MDYyMS4wIKXMDSoASAFQAw%3D%3D",2026-06-25 03:56:20
BiRdLanD,data\html\google_maps\details\20260625_035631_BiRdLanD.html,"https://www.google.com/maps/place/BiRdLanD/@34.3179375,134.1423798,14z/data=!4m11!1m3!2m2!1z6auY5p2-5biC44CA44Kr44OV44Kn!6e5!3m6!1s0x3553917c9f96af3d:0x3f14a3b9baa5710c!8m2!3d34.3179318!4d134.180482!15sChXpq5jmnb7luILjgIDjgqvjg5XjgqdaFiIU6auY5p2-IOW4giDjgqvjg5XjgqeSAQRjYWZlmgFEQ2k5RFFVbFJRVU52WkVOb2RIbGpSamx2VDJwb1QxVkdWbkZSYlUxNFkyeG9iMDVIU25wVGJscGFXVEJzZEV4WFl4QULgAQD6AQQIABAf!16s%2Fg%2F11h0v8_dmk?entry=ttu&g_ep=EgoyMDI2MDYyMS4wIKXMDSoASAFQAw%3D%3D",2026-06-25 03:56:32
田舎カフェ 樹樹,data\html\google_maps\details\20260625_035651_田舎カフェ_樹樹.html,"https://www.google.com/maps/place/%E7%94%B0%E8%88%8E%E3%82%AB%E3%83%95%E3%82%A7+%E6%A8%B9%E6%A8%B9/@34.2972884,134.1564345,14z/data=!4m11!1m3!2m2!1z6auY5p2-5biC44CA44Kr44OV44Kn!6e5!3m6!1s0x35539139c1d13141:0xb36a479a2c841aa4!8m2!3d34.297281!4d134.194545!15sChXpq5jmnb7luILjgIDjgqvjg5XjgqdaFiIU6auY5p2-IOW4giDjgqvjg5XjgqeSAQRjYWZlmgEjQ2haRFNVaE5NRzluUzBWSlEwRm5TVVF0ZW5KSWQxbG5FQUXgAQD6AQQIPxAh!16s%2Fg%2F11b6x9yd2m?entry=ttu&g_ep=EgoyMDI2MDYyMS4wIKXMDSoASAFQAw%3D%3D",2026-06-25 03:56:53
