article_id,name,detail_url,page_no,source_site,list_text
66279c9acfabdb482d0d0275,近藤第２ビル 3F,https://www.takamatsuhousing.jp/kasi-tenpo/detail-66279c9acfabdb482d0d0275/,1,takamatsu_housing,"近藤第２ビル 3F 高松琴平電鉄琴平線 / 瓦町駅 高松市常磐町２丁目 徒歩3分 2 万円 3,000円 3ヶ月/ なし/ なし 27.25㎡ 8.24坪／0.2427万円 貸店舗・事務所(一部) 1981年1月(築45年6ヶ月) 物件詳細を見る お気に入り登録 お問い合わせをする"
69cf5e9d3e48c96bbe22d527,ソウゲンビル 5階南,https://www.takamatsuhousing.jp/kasi-tenpo/detail-69cf5e9d3e48c96bbe22d527/,1,takamatsu_housing,"ソウゲンビル 5階南 高松琴平電鉄琴平線 / 瓦町駅 高松市鍛冶屋町 徒歩10分 2.53 万円 7,700円 3ヶ月/ なし/ なし 16.00㎡ 4.83坪／0.5228万円 貸店舗（一部） 1991年8月(築34年11ヶ月) 物件詳細を見る お気に入り登録 お問い合わせをする"
5558977c42494231d07c6e16,クイーンズスクエア第２ビル 5－D,https://www.takamatsuhousing.jp/kasi-tenpo/detail-5558977c42494231d07c6e16/,1,takamatsu_housing,"クイーンズスクエア第２ビル 5－D 高松琴平電鉄琴平線 / 瓦町駅 高松市瓦町１丁目 徒歩6分 3.3 万円 7,700円 3ヶ月/ なし/ なし 18.96㎡ 5.73坪／0.5754万円 貸店舗（一部） 1990年4月(築36年3ヶ月) 物件詳細を見る お気に入り登録 お問い合わせをする"
6926a443aa781f981629c2d9,ＡＫビル鍛冶屋町Ⅱ １Ｆ,https://www.takamatsuhousing.jp/kasi-tenpo/detail-6926a443aa781f981629c2d9/,1,takamatsu_housing,ＡＫビル鍛冶屋町Ⅱ １Ｆ 高松琴平電鉄琴平線 / 片原町駅 高松市鍛冶屋町 徒歩10分 3.85 万円 - 6ヶ月/ なし/ なし 13.68㎡ 4.13坪／0.9304万円 貸店舗（一部） 1988年10月(築37年9ヶ月) 物件詳細を見る お気に入り登録 お問い合わせをする
5ae18c079732ec4a1d17c2d6,クイ－ンズスケア第一 ５階Ｇ,https://www.takamatsuhousing.jp/kasi-tenpo/detail-5ae18c079732ec4a1d17c2d6/,1,takamatsu_housing,"クイ－ンズスケア第一 ５階Ｇ 高松琴平電鉄琴平線 / 瓦町駅 高松市瓦町２丁目 徒歩5分 3.96 万円 12,100円 2ヶ月/ なし/ 3.96万円 21.07㎡ 6.37坪／0.6214万円 貸店舗（一部） 1984年10月(築41年9ヶ月) 物件詳細を見る お気に入り登録 お問い合わせをする"
68363e5e5de080734497111d,スモールショップ　中央南側 ２階一部,https://www.takamatsuhousing.jp/kasi-tenpo/detail-68363e5e5de080734497111d/,1,takamatsu_housing,スモールショップ　中央南側 ２階一部 高松琴平電鉄琴平線 / 空港通り駅 高松市香川町大野 徒歩29分 4 万円 なし 2ヶ月/ なし/ 1ヶ月 19.00㎡ 5.74坪／0.696万円 貸店舗・事務所(一部) 1996年11月(築29年8ヶ月) 物件詳細を見る お気に入り登録 お問い合わせをする
5558977d4249410557f3b317,クイーンズスクエア第２ビル 3-C,https://www.takamatsuhousing.jp/kasi-tenpo/detail-5558977d4249410557f3b317/,1,takamatsu_housing,"クイーンズスクエア第２ビル 3-C 高松琴平電鉄琴平線 / 瓦町駅 高松市瓦町１丁目 徒歩6分 4.4 万円 7,700円 3ヶ月/ なし/ なし 22.47㎡ 6.79坪／0.6474万円 貸店舗（一部） 1990年4月(築36年3ヶ月) 物件詳細を見る お気に入り登録 お問い合わせをする"
6663fef91bce1051d51b1864,牟礼町牟礼　戸建　２Ｆ和室一部 2F,https://www.takamatsuhousing.jp/kasi-tenpo/detail-6663fef91bce1051d51b1864/,1,takamatsu_housing,牟礼町牟礼　戸建　２Ｆ和室一部 2F パノラマ 高松琴平電鉄志度線 / 八栗駅 高松市牟礼町牟礼 徒歩3分 4.4 万円 - 2ヶ月/ なし/ 1ヶ月 107.05㎡ 32.38坪／0.1359万円 貸店舗・事務所(一部) 1966年1月(築60年6ヶ月) 物件詳細を見る お気に入り登録 お問い合わせをする
67c006c873b679516875e115,宮脇町ビル 東,https://www.takamatsuhousing.jp/kasi-tenpo/detail-67c006c873b679516875e115/,1,takamatsu_housing,宮脇町ビル 東 ＪＲ高徳線 / 栗林公園北口駅 高松市宮脇町１丁目 徒歩11分 4.5 万円 なし 6ヶ月/ なし/ なし 44.19㎡ 13.36坪／0.3367万円 貸店舗（一部） 1980年8月(築45年11ヶ月) 物件詳細を見る お気に入り登録 お問い合わせをする
6628b3b9d9cbec77c6d93594,飲食店募集　ウイングポート　１Ｆ　２０．７３㎡ 1階一部,https://www.takamatsuhousing.jp/kasi-tenpo/detail-6628b3b9d9cbec77c6d93594/,1,takamatsu_housing,飲食店募集　ウイングポート　１Ｆ　２０．７３㎡ 1階一部 高松琴平電鉄琴平線 / 空港通り駅 高松市香川町大野 徒歩29分 5 万円 なし 2ヶ月/ なし/ 1ヶ月 20.73㎡ 6.27坪／0.7974万円 貸店舗（一部） 1996年11月(築29年8ヶ月) 物件詳細を見る お気に入り登録 お問い合わせをする
68362b1196571f4ba1d7d943,スモールショップ　２Ｆ北側入口西側 ２階一部,https://www.takamatsuhousing.jp/kasi-tenpo/detail-68362b1196571f4ba1d7d943/,1,takamatsu_housing,スモールショップ　２Ｆ北側入口西側 ２階一部 高松琴平電鉄琴平線 / 空港通り駅 高松市香川町大野 徒歩29分 5 万円 なし 2ヶ月/ なし/ 1ヶ月 30.50㎡ 9.22坪／0.542万円 貸店舗・事務所(一部) 1996年11月(築29年8ヶ月) 物件詳細を見る お気に入り登録 お問い合わせをする
5558977d4249410557f7b317,クイーンズスクエア第２ビル 5-C,https://www.takamatsuhousing.jp/kasi-tenpo/detail-5558977d4249410557f7b317/,1,takamatsu_housing,"クイーンズスクエア第２ビル 5-C 高松琴平電鉄琴平線 / 瓦町駅 高松市瓦町１丁目 徒歩6分 5 万円 7,700円 1ヶ月/ なし/ なし 26.69㎡ 8.07坪／0.6193万円 貸店舗（一部） 1990年4月(築36年3ヶ月) 物件詳細を見る お気に入り登録 お問い合わせをする"
555b55d54249423b71542600,クイーンズスクエア第２ビル 3-B,https://www.takamatsuhousing.jp/kasi-tenpo/detail-555b55d54249423b71542600/,1,takamatsu_housing,"クイーンズスクエア第２ビル 3-B 高松琴平電鉄琴平線 / 瓦町駅 高松市瓦町１丁目 徒歩6分 5.28 万円 7,700円 3ヶ月/ なし/ なし 24.70㎡ 7.47坪／0.7067万円 貸店舗（一部） 1990年4月(築36年3ヶ月) 物件詳細を見る お気に入り登録 お問い合わせをする"
64e2d04b3f7cf6132af9cfa9,高松市 春日町 の貸店舗（一部）,https://www.takamatsuhousing.jp/kasi-tenpo/detail-64e2d04b3f7cf6132af9cfa9/,1,takamatsu_housing,高松市 春日町 の貸店舗（一部） 【バス】 コトデン　春日川停 停歩1分 高松市春日町 - 5.5 万円 - 3ヶ月/ なし/ なし 38.30㎡ 11.58坪／0.4748万円 貸店舗（一部） 1976年1月(築50年6ヶ月) 物件詳細を見る お気に入り登録 お問い合わせをする
5558977d4249410557f8b317,クイーンズスクエア第２ 7-B,https://www.takamatsuhousing.jp/kasi-tenpo/detail-5558977d4249410557f8b317/,1,takamatsu_housing,"クイーンズスクエア第２ 7-B 高松琴平電鉄琴平線 / 瓦町駅 高松市瓦町１丁目 徒歩6分 5.5 万円 7,700円 3ヶ月/ なし/ なし 31.57㎡ 9.54坪／0.576万円 貸店舗（一部） 1990年4月(築36年3ヶ月) 物件詳細を見る お気に入り登録 お問い合わせをする"
5c34354ad032a77cf332d8cd,クイーンズスクエアービル第２ 6-C,https://www.takamatsuhousing.jp/kasi-tenpo/detail-5c34354ad032a77cf332d8cd/,1,takamatsu_housing,"クイーンズスクエアービル第２ 6-C 高松琴平電鉄琴平線 / 瓦町駅 高松市瓦町１丁目 徒歩6分 5.5 万円 7,700円 3ヶ月/ なし/ なし 29.55㎡ 8.93坪／0.6153万円 貸店舗（一部） 1990年4月(築36年3ヶ月) 物件詳細を見る お気に入り登録 お問い合わせをする"
5bf21f5ce5a69c7914b84609,新井ビル 204,https://www.takamatsuhousing.jp/kasi-tenpo/detail-5bf21f5ce5a69c7914b84609/,1,takamatsu_housing,"新井ビル 204 【バス】 田中 停歩1分 高松市成合町 - 5.5 万円 7,000円 15.00万円/ なし/ なし 49.59㎡ 15.00坪／0.3667万円 貸店舗・事務所(一部) 1991年10月(築34年9ヶ月) 物件詳細を見る お気に入り登録 お問い合わせをする"
653cce171dae78356cd1ee74,高松市 今里町１丁目 (栗林公園駅) の貸店舗・事務所(一部),https://www.takamatsuhousing.jp/kasi-tenpo/detail-653cce171dae78356cd1ee74/,1,takamatsu_housing,"高松市 今里町１丁目 (栗林公園駅) の貸店舗・事務所(一部) 高松琴平電鉄琴平線 / 栗林公園駅 高松市今里町１丁目 徒歩13分 6 万円 3,000円 3ヶ月/ なし/ 1ヶ月 37.50㎡ 11.34坪／0.529万円 貸店舗・事務所(一部) 1981年1月(築45年6ヶ月) 物件詳細を見る お気に入り登録 お問い合わせをする"
69f442181c76787766fc6df6,高松市 瓦町１丁目 (瓦町駅) の貸店舗（一部）,https://www.takamatsuhousing.jp/kasi-tenpo/detail-69f442181c76787766fc6df6/,1,takamatsu_housing,"高松市 瓦町１丁目 (瓦町駅) の貸店舗（一部） 高松琴平電鉄琴平線 / 瓦町駅 高松市瓦町１丁目 徒歩5分 6 万円 7,700円 3ヶ月/ なし/ なし 30.51㎡ 9.22坪／0.6502万円 貸店舗（一部） 1990年6月(築36年1ヶ月) 物件詳細を見る お気に入り登録 お問い合わせをする"
651cc060af1d7279296ecb25,高松市 瓦町１丁目 (瓦町駅) の貸店舗（一部）,https://www.takamatsuhousing.jp/kasi-tenpo/detail-651cc060af1d7279296ecb25/,1,takamatsu_housing,高松市 瓦町１丁目 (瓦町駅) の貸店舗（一部） 高松琴平電鉄志度線 / 瓦町駅 高松市瓦町１丁目 徒歩7分 6 万円 なし 3ヶ月/ なし/ 1ヶ月 50.41㎡ 15.24坪／0.3935万円 貸店舗（一部） 1969年1月(築57年6ヶ月) 物件詳細を見る お気に入り登録 お問い合わせをする
6850eddb0113b875040064de,高松市 昭和町２丁目 (昭和町駅) の貸店舗・事務所(一部),https://www.takamatsuhousing.jp/kasi-tenpo/detail-6850eddb0113b875040064de/,1,takamatsu_housing,高松市 昭和町２丁目 (昭和町駅) の貸店舗・事務所(一部) ＪＲ高徳線 / 昭和町駅 高松市昭和町２丁目 徒歩4分 6 万円 - 3ヶ月/ なし/ なし 31.92㎡ 9.65坪／0.6214万円 貸店舗・事務所(一部) 1973年9月(築52年10ヶ月) 物件詳細を見る お気に入り登録 お問い合わせをする
69e042035de080bdbee75f45,高松市 花ノ宮町３丁目 (栗林公園駅) の貸店舗（一部）,https://www.takamatsuhousing.jp/kasi-tenpo/detail-69e042035de080bdbee75f45/,1,takamatsu_housing,高松市 花ノ宮町３丁目 (栗林公園駅) の貸店舗（一部） 高松琴平電鉄琴平線 / 栗林公園駅 高松市花ノ宮町３丁目 徒歩10分 6 万円 - 3ヶ月/ なし/ なし 19.52㎡ 5.90坪／1.0162万円 貸店舗（一部） 1980年1月(築46年6ヶ月) 物件詳細を見る お気に入り登録 お問い合わせをする
6052fa6fadffbc51ad7e043f,高松市 東田町 (瓦町駅) の貸店舗・事務所(一部),https://www.takamatsuhousing.jp/kasi-tenpo/detail-6052fa6fadffbc51ad7e043f/,1,takamatsu_housing,高松市 東田町 (瓦町駅) の貸店舗・事務所(一部) パノラマ 高松琴平電鉄琴平線 / 瓦町駅 高松市東田町 徒歩7分 6 万円 - 3ヶ月/ なし/ なし 50.00㎡ 15.12坪／0.3967万円 貸店舗・事務所(一部) 1980年10月(築45年9ヶ月) 物件詳細を見る お気に入り登録 お問い合わせをする
69cf5969be5a90e31cbaa050,ソウゲンビル 5階,https://www.takamatsuhousing.jp/kasi-tenpo/detail-69cf5969be5a90e31cbaa050/,1,takamatsu_housing,"ソウゲンビル 5階 高松琴平電鉄琴平線 / 瓦町駅 高松市鍛冶屋町 徒歩10分 6.05 万円 11,000円 3ヶ月/ なし/ なし 31.60㎡ 9.55坪／0.633万円 貸店舗（一部） 1991年8月(築34年11ヶ月) 物件詳細を見る お気に入り登録 お問い合わせをする"
5558977d4249410557f6b317,クイーンズスクエア第２ 5-B,https://www.takamatsuhousing.jp/kasi-tenpo/detail-5558977d4249410557f6b317/,1,takamatsu_housing,"クイーンズスクエア第２ 5-B 高松琴平電鉄琴平線 / 瓦町駅 高松市瓦町１丁目 徒歩6分 6.05 万円 7,700円 3ヶ月/ なし/ なし 32.32㎡ 9.77坪／0.6189万円 貸店舗（一部） 1990年4月(築36年3ヶ月) 物件詳細を見る お気に入り登録 お問い合わせをする"
682559e2990e3375d4f1d836,ＣＵＢＥ高松　旧共栄火災海上保険株式会社高松支社 ２０３,https://www.takamatsuhousing.jp/kasi-tenpo/detail-682559e2990e3375d4f1d836/,1,takamatsu_housing,ＣＵＢＥ高松　旧共栄火災海上保険株式会社高松支社 ２０３ 高松琴平電鉄琴平線 / 瓦町駅 高松市塩屋町 徒歩5分 6.05 万円 なし 3ヶ月/ なし/ なし 20.68㎡ 6.25坪／0.9672万円 貸店舗・事務所(一部) 1978年9月(築47年10ヶ月) 物件詳細を見る お気に入り登録 お問い合わせをする
69522eecc37dc1729e1f21f0,松本ビル 1階,https://www.takamatsuhousing.jp/kasi-tenpo/detail-69522eecc37dc1729e1f21f0/,1,takamatsu_housing,"松本ビル 1階 高松琴平電鉄琴平線 / 三条駅 高松市室新町 徒歩15分 6.2 万円 3,000円 3ヶ月/ なし/ 1ヶ月 31.29㎡ 9.46坪／0.6551万円 貸店舗（一部） 1980年9月(築45年10ヶ月) 物件詳細を見る お気に入り登録 お問い合わせをする"
66f21d9b20276410821020d6,クリエイトビル 302,https://www.takamatsuhousing.jp/kasi-tenpo/detail-66f21d9b20276410821020d6/,1,takamatsu_housing,"クリエイトビル 302 高松琴平電鉄志度線 / 瓦町駅 高松市塩上町３丁目 徒歩7分 6.6 万円 10,000円 6ヶ月/ なし/ なし 46.06㎡ 13.93坪／0.4737万円 貸店舗・事務所(一部) 1995年10月(築30年9ヶ月) 物件詳細を見る お気に入り登録 お問い合わせをする"
57bea8c1d032a747f63ded79,高松市 花園町２丁目 (花園駅) の貸店舗（一部）,https://www.takamatsuhousing.jp/kasi-tenpo/detail-57bea8c1d032a747f63ded79/,1,takamatsu_housing,高松市 花園町２丁目 (花園駅) の貸店舗（一部） 高松琴平電鉄長尾線 / 花園駅 [バス利用可] バス 市総合福祉会館前 停歩4分 高松市花園町２丁目 徒歩6分 6.6 万円 - 3ヶ月/ なし/ なし 35.29㎡ 10.67坪／0.6183万円 貸店舗（一部） 1979年10月(築46年9ヶ月) 物件詳細を見る お気に入り登録 お問い合わせをする
670378fdb15c5738c792975c,ＷＩＮＤ 202,https://www.takamatsuhousing.jp/kasi-tenpo/detail-670378fdb15c5738c792975c/,1,takamatsu_housing,"ＷＩＮＤ 202 高松琴平電鉄琴平線 / 片原町駅 高松市古新町 徒歩7分 6.6 万円 14,300円 1ヶ月/ なし/ なし 24.63㎡ 7.45坪／0.8859万円 貸店舗（一部） 1987年1月(築39年6ヶ月) 物件詳細を見る お気に入り登録 お問い合わせをする"
674bc7812895ed45f90dfeb2,高松市 屋島西町 (潟元駅) の貸店舗（一部）,https://www.takamatsuhousing.jp/kasi-tenpo/detail-674bc7812895ed45f90dfeb2/,2,takamatsu_housing,高松市 屋島西町 (潟元駅) の貸店舗（一部） 高松琴平電鉄志度線 / 潟元駅 高松市屋島西町 徒歩5分 6.6 万円 - 3ヶ月/ なし/ なし 64.53㎡ 19.52坪／0.3382万円 貸店舗（一部） 1988年7月(築38年) 物件詳細を見る お気に入り登録 お問い合わせをする
66c6b7940b0aca787b54d3a7,高松市 香川町川東下 の貸店舗（一部）,https://www.takamatsuhousing.jp/kasi-tenpo/detail-66c6b7940b0aca787b54d3a7/,2,takamatsu_housing,高松市 香川町川東下 の貸店舗（一部） 仏生山駅 高松市香川町川東下 - 7 万円 - 2ヶ月/ なし/ なし 64.71㎡ 19.57坪／0.3577万円 貸店舗（一部） 1991年2月(築35年5ヶ月) 物件詳細を見る お気に入り登録 お問い合わせをする
685e07f1970a600a34bedb25,高松市 木太町 (林道駅) の貸店舗（一部）,https://www.takamatsuhousing.jp/kasi-tenpo/detail-685e07f1970a600a34bedb25/,2,takamatsu_housing,"高松市 木太町 (林道駅) の貸店舗（一部） 高松琴平電鉄長尾線 / 林道駅 高松市木太町 徒歩2分 7 万円 2,000円 3ヶ月/ なし/ なし 56.10㎡ 16.97坪／0.4125万円 貸店舗（一部） 1966年10月(築59年9ヶ月) 物件詳細を見る お気に入り登録 お問い合わせをする"
5cc0ee5cd032a771437daaf9,高松市 花園町１丁目 (花園駅) の貸店舗（一部）,https://www.takamatsuhousing.jp/kasi-tenpo/detail-5cc0ee5cd032a771437daaf9/,2,takamatsu_housing,"高松市 花園町１丁目 (花園駅) の貸店舗（一部） 高松琴平電鉄長尾線 / 花園駅 高松市花園町１丁目 徒歩4分 7 万円 10,000円 3ヶ月/ なし/ 1ヶ月 39.52㎡ 11.95坪／0.5856万円 貸店舗（一部） 1989年5月(築37年2ヶ月) 物件詳細を見る お気に入り登録 お問い合わせをする"
5fc8918dcab5463d5a2e7e1a,小林店舗 １階　東,https://www.takamatsuhousing.jp/kasi-tenpo/detail-5fc8918dcab5463d5a2e7e1a/,2,takamatsu_housing,小林店舗 １階　東 高松琴平電鉄志度線 / 瓦町駅 高松市古馬場町 徒歩7分 7.15 万円 - 6ヶ月/ なし/ 1ヶ月 18.90㎡ 5.71坪／1.2507万円 貸店舗（一部） 1956年1月(築70年6ヶ月) 物件詳細を見る お気に入り登録 お問い合わせをする
68bfbbd36240320783c534cc,ＷＩＮＤ 003,https://www.takamatsuhousing.jp/kasi-tenpo/detail-68bfbbd36240320783c534cc/,2,takamatsu_housing,"ＷＩＮＤ 003 高松琴平電鉄琴平線 / 片原町駅 高松市古新町 徒歩7分 7.1874 万円 11,979円 1ヶ月/ なし/ なし 24.00㎡ 7.25坪／0.9901万円 貸店舗（一部） 1987年1月(築39年6ヶ月) 物件詳細を見る お気に入り登録 お問い合わせをする"
65c9d71ddfbd573fa5601d7a,吉田ビル 1階,https://www.takamatsuhousing.jp/kasi-tenpo/detail-65c9d71ddfbd573fa5601d7a/,2,takamatsu_housing,吉田ビル 1階 高松琴平電鉄琴平線 / 空港通り駅 高松市香川町川東上 徒歩70分 7.7 万円 - 3ヶ月/ なし/ なし 34.75㎡ 10.51坪／0.7326万円 貸店舗（一部） 1973年7月(築53年) 物件詳細を見る お気に入り登録 お問い合わせをする
684fade320d8493430490ebe,ＡＫビル片原町Ⅱ　２階　北東 （２０１）,https://www.takamatsuhousing.jp/kasi-tenpo/detail-684fade320d8493430490ebe/,2,takamatsu_housing,"ＡＫビル片原町Ⅱ　２階　北東 （２０１） 高松琴平電鉄琴平線 / 片原町駅 高松市片原町 徒歩2分 7.7 万円 13,200円 6ヶ月/ なし/ なし 40.00㎡ 12.09坪／0.6364万円 貸店舗（一部） 1979年6月(築47年1ヶ月) 物件詳細を見る お気に入り登録 お問い合わせをする"
5a5c0b969732ec2c56db5cf7,クイーンズスクエアービル第２ 7-A,https://www.takamatsuhousing.jp/kasi-tenpo/detail-5a5c0b969732ec2c56db5cf7/,2,takamatsu_housing,"クイーンズスクエアービル第２ 7-A 高松琴平電鉄琴平線 / 瓦町駅 高松市瓦町１丁目 徒歩6分 7.7 万円 7,700円 3ヶ月/ なし/ なし 41.50㎡ 12.55坪／0.6134万円 貸店舗（一部） 1990年4月(築36年3ヶ月) 物件詳細を見る お気に入り登録 お問い合わせをする"
68f074cf4c8c312b4b224e88,クイ－ンズスケア第一 1階C,https://www.takamatsuhousing.jp/kasi-tenpo/detail-68f074cf4c8c312b4b224e88/,2,takamatsu_housing,"クイ－ンズスケア第一 1階C 高松琴平電鉄琴平線 / 瓦町駅 高松市瓦町２丁目 徒歩5分 7.7 万円 11,400円 3ヶ月/ なし/ なし 22.16㎡ 6.70坪／1.1487万円 貸店舗（一部） 1984年10月(築41年9ヶ月) 物件詳細を見る お気に入り登録 お問い合わせをする"
5bf219fbe5a69c28beb84613,新井ビル 200,https://www.takamatsuhousing.jp/kasi-tenpo/detail-5bf219fbe5a69c28beb84613/,2,takamatsu_housing,"新井ビル 200 【バス】 田中 停歩1分 高松市成合町 - 7.7 万円 7,700円 1ヶ月/ なし/ なし 66.54㎡ 20.12坪／0.3826万円 貸店舗・事務所(一部) 1991年10月(築34年9ヶ月) 物件詳細を見る お気に入り登録 お問い合わせをする"
665a9a1cda59646e4add9922,牟礼町牟礼　倉庫 2F,https://www.takamatsuhousing.jp/kasi-tenpo/detail-665a9a1cda59646e4add9922/,2,takamatsu_housing,牟礼町牟礼　倉庫 2F パノラマ 高松琴平電鉄志度線 / 八栗駅 高松市牟礼町牟礼 徒歩3分 7.7 万円 - 2ヶ月/ なし/ 1ヶ月 107.05㎡ 32.38坪／0.2378万円 貸店舗（一部） 1966年1月(築60年6ヶ月) 物件詳細を見る お気に入り登録 お問い合わせをする
590a7804e5a69c3b10d8431f,香川町浅野貸店舗 1階店舗,https://www.takamatsuhousing.jp/kasi-tenpo/detail-590a7804e5a69c3b10d8431f/,2,takamatsu_housing,香川町浅野貸店舗 1階店舗 【バス】 香川第一中学校前 停歩1分 高松市香川町浅野 - 8 万円 なし 1ヶ月/ なし/ 1ヶ月 70.00㎡ 21.17坪／0.3779万円 貸店舗（一部） 1973年7月(築53年) 物件詳細を見る お気に入り登録 お問い合わせをする
640d66da94d1b8330da06dcb,漆原テナント・事務所 1階,https://www.takamatsuhousing.jp/kasi-tenpo/detail-640d66da94d1b8330da06dcb/,2,takamatsu_housing,漆原テナント・事務所 1階 高松琴平電鉄琴平線 / 空港通り駅 高松市香川町大野 徒歩26分 8 万円 - 1ヶ月/ なし/ 1ヶ月 85.20㎡ 25.77坪／0.3105万円 貸住付店舗（一部） 1983年10月(築42年9ヶ月) 物件詳細を見る お気に入り登録 お問い合わせをする
624cf5c1655be9215e0d7ed0,高松市 香川町寺井 (空港通り駅) の貸店舗（一部）,https://www.takamatsuhousing.jp/kasi-tenpo/detail-624cf5c1655be9215e0d7ed0/,2,takamatsu_housing,高松市 香川町寺井 (空港通り駅) の貸店舗（一部） 高松琴平電鉄琴平線 / 空港通り駅 高松市香川町寺井 徒歩12分 8.5 万円 - 3ヶ月/ なし/ なし 71.01㎡ 21.48坪／0.3958万円 貸店舗（一部） 1986年11月(築39年8ヶ月) 物件詳細を見る お気に入り登録 お問い合わせをする
66f5eab3bb872232557dfacb,サントピア８８ 2階部分,https://www.takamatsuhousing.jp/kasi-tenpo/detail-66f5eab3bb872232557dfacb/,2,takamatsu_housing,サントピア８８ 2階部分 高松琴平電鉄琴平線 / 太田駅 高松市太田上町 徒歩3分 8.8 万円 なし 6ヶ月/ なし/ 1ヶ月 100.02㎡ 30.25坪／0.2909万円 貸店舗（一部） 1987年9月(築38年10ヶ月) 物件詳細を見る お気に入り登録 お問い合わせをする
5af17282e5a69c474d30150d,高松市 香川町寺井 (空港通り駅) の貸店舗（一部）,https://www.takamatsuhousing.jp/kasi-tenpo/detail-5af17282e5a69c474d30150d/,2,takamatsu_housing,高松市 香川町寺井 (空港通り駅) の貸店舗（一部） 高松琴平電鉄琴平線 / 空港通り駅 高松市香川町寺井 徒歩12分 8.8 万円 - 3ヶ月/ なし/ なし 63.44㎡ 19.19坪／0.4586万円 貸店舗（一部） 1986年11月(築39年8ヶ月) 物件詳細を見る お気に入り登録 お問い合わせをする
66e8d7e134b4f94bff96b221,ＹＩビル 201,https://www.takamatsuhousing.jp/kasi-tenpo/detail-66e8d7e134b4f94bff96b221/,2,takamatsu_housing,ＹＩビル 201 高松琴平電鉄琴平線 / 片原町駅 高松市百間町 徒歩4分 8.8 万円 - 3ヶ月/ なし/ 1ヶ月 33.75㎡ 10.20坪／0.862万円 貸店舗（一部） 1991年2月(築35年5ヶ月) 物件詳細を見る お気に入り登録 お問い合わせをする
5ff50ad7298a4d3b7e2e7212,クリエイトビル 4Ｆ,https://www.takamatsuhousing.jp/kasi-tenpo/detail-5ff50ad7298a4d3b7e2e7212/,2,takamatsu_housing,クリエイトビル 4Ｆ 高松琴平電鉄志度線 / 瓦町駅 高松市塩上町３丁目 徒歩7分 9.9 万円 - 6ヶ月/ なし/ なし 71.77㎡ 21.71坪／0.4561万円 貸店舗・事務所(一部) 1995年10月(築30年9ヶ月) 物件詳細を見る お気に入り登録 お問い合わせをする
6a0e8e5ee5469042fbdbf228,ヘンミビル 205,https://www.takamatsuhousing.jp/kasi-tenpo/detail-6a0e8e5ee5469042fbdbf228/,2,takamatsu_housing,"ヘンミビル 205 高松琴平電鉄志度線 / 瓦町駅 高松市古馬場町 徒歩9分 9.9 万円 19,800円 6ヶ月/ なし/ なし 48.84㎡ 14.77坪／0.6701万円 貸店舗（一部） 1977年10月(築48年9ヶ月) 物件詳細を見る お気に入り登録 お問い合わせをする"
662dca5ca7349f768c4d4d6a,高松市 太田上町 (太田駅) の貸店舗（一部）,https://www.takamatsuhousing.jp/kasi-tenpo/detail-662dca5ca7349f768c4d4d6a/,2,takamatsu_housing,"高松市 太田上町 (太田駅) の貸店舗（一部） 高松琴平電鉄琴平線 / 太田駅 高松市太田上町 徒歩4分 10 万円 3,300円 3ヶ月/ なし/ 1ヶ月 69.95㎡ 21.15坪／0.4726万円 貸店舗（一部） 2000年4月(築26年3ヶ月) 物件詳細を見る お気に入り登録 お問い合わせをする"
676a154920ba5422ebdb61c8,高松市 塩上町 (瓦町駅) の貸店舗（一部）,https://www.takamatsuhousing.jp/kasi-tenpo/detail-676a154920ba5422ebdb61c8/,2,takamatsu_housing,高松市 塩上町 (瓦町駅) の貸店舗（一部） 高松琴平電鉄琴平線 / 瓦町駅 高松市塩上町 徒歩6分 10 万円 - 4ヶ月/ なし/ なし 63.61㎡ 19.24坪／0.5197万円 貸店舗（一部） 1979年5月(築47年2ヶ月) 物件詳細を見る お気に入り登録 お問い合わせをする
6836b1a3edabdc2b84828858,ＹＩビル 2階,https://www.takamatsuhousing.jp/kasi-tenpo/detail-6836b1a3edabdc2b84828858/,2,takamatsu_housing,ＹＩビル 2階 高松琴平電鉄琴平線 / 片原町駅 高松市百間町 徒歩4分 10 万円 なし 3ヶ月/ なし/ なし 39.35㎡ 11.90坪／0.8402万円 貸店舗（一部） 1991年1月(築35年6ヶ月) 物件詳細を見る お気に入り登録 お問い合わせをする
63e5b0fba4cf3a687b612ebf,高松市 香川町川東下 の貸店舗（一部）,https://www.takamatsuhousing.jp/kasi-tenpo/detail-63e5b0fba4cf3a687b612ebf/,2,takamatsu_housing,高松市 香川町川東下 の貸店舗（一部） 仏生山駅 高松市香川町川東下 - 11 万円 - 2ヶ月/ なし/ なし 103.78㎡ 31.39坪／0.3504万円 貸店舗（一部） 1991年2月(築35年5ヶ月) 物件詳細を見る お気に入り登録 お問い合わせをする
6625ffa21c76787b82940ef5,高松市 郷東町 (香西駅) の貸店舗・事務所(一部),https://www.takamatsuhousing.jp/kasi-tenpo/detail-6625ffa21c76787b82940ef5/,2,takamatsu_housing,"高松市 郷東町 (香西駅) の貸店舗・事務所(一部) ＪＲ予讃線 / 香西駅 高松市郷東町 徒歩9分 11 万円 22,000円 3ヶ月/ なし/ 1ヶ月 132.52㎡ 40.08坪／0.2745万円 貸店舗・事務所(一部) 1990年4月(築36年3ヶ月) 物件詳細を見る お気に入り登録 お問い合わせをする"
6606881ee7d24604c2711195,津田ビル １階,https://www.takamatsuhousing.jp/kasi-tenpo/detail-6606881ee7d24604c2711195/,2,takamatsu_housing,津田ビル １階 ＪＲ高徳線 / 栗林公園北口駅 高松市中央町 徒歩8分 11 万円 なし 6ヶ月/ なし/ なし 74.93㎡ 22.66坪／0.4854万円 貸店舗（一部） 1970年12月(築55年7ヶ月) 物件詳細を見る お気に入り登録 お問い合わせをする
60236530f54ec10a84ccca1f,ソリッド 4D,https://www.takamatsuhousing.jp/kasi-tenpo/detail-60236530f54ec10a84ccca1f/,2,takamatsu_housing,"ソリッド 4D 高松琴平電鉄志度線 / 瓦町駅 高松市古馬場町 徒歩6分 11 万円 25,080円 2ヶ月/ なし/ 11.00万円 42.08㎡ 12.72坪／0.8642万円 貸店舗（一部） 1991年10月(築34年9ヶ月) 物件詳細を見る お気に入り登録 お問い合わせをする"
646306e9202916104aaa82a9,高松市 花ノ宮町３丁目 (栗林公園駅) の貸店舗（一部）,https://www.takamatsuhousing.jp/kasi-tenpo/detail-646306e9202916104aaa82a9/,2,takamatsu_housing,高松市 花ノ宮町３丁目 (栗林公園駅) の貸店舗（一部） 高松琴平電鉄琴平線 / 栗林公園駅 高松市花ノ宮町３丁目 徒歩10分 12 万円 - 3ヶ月/ なし/ なし 85.95㎡ 25.99坪／0.4616万円 貸店舗（一部） 1980年1月(築46年6ヶ月) 物件詳細を見る お気に入り登録 お問い合わせをする
662085d6af472b3b825c1d7d,富士ビル 地下１階,https://www.takamatsuhousing.jp/kasi-tenpo/detail-662085d6af472b3b825c1d7d/,2,takamatsu_housing,富士ビル 地下１階 高松琴平電鉄琴平線 / 瓦町駅 高松市常磐町１丁目 徒歩2分 12.1 万円 なし 6ヶ月/ なし/ 1ヶ月 93.00㎡ 28.13坪／0.4302万円 貸店舗（一部） 1964年2月(築62年5ヶ月) 物件詳細を見る お気に入り登録 お問い合わせをする
630eb9d1635f952635393cad,西内町貸事務所　１階 1階,https://www.takamatsuhousing.jp/kasi-tenpo/detail-630eb9d1635f952635393cad/,2,takamatsu_housing,"西内町貸事務所　１階 1階 高松琴平電鉄琴平線 / 高松築港駅 高松市西内町 徒歩12分 12.75 万円 6,000円 なし/ なし/ なし 53.21㎡ 16.09坪／0.7922万円 貸店舗（一部） 1992年10月(築33年9ヶ月) 物件詳細を見る お気に入り登録 お問い合わせをする"
555897844249423ff8c68216,高松市 屋島西町 (屋島駅) の貸店舗・事務所(一部),https://www.takamatsuhousing.jp/kasi-tenpo/detail-555897844249423ff8c68216/,3,takamatsu_housing,"高松市 屋島西町 (屋島駅) の貸店舗・事務所(一部) ＪＲ高徳線 / 屋島駅 高松市屋島西町 徒歩7分 13 万円 30,000円 2ヶ月/ なし/ 1ヶ月 133.70㎡ 40.44坪／0.3215万円 貸店舗・事務所(一部) 1973年4月(築53年3ヶ月) 物件詳細を見る お気に入り登録 お問い合わせをする"
67f20f823d177354830cb311,高松市 扇町２丁目 (昭和町駅) の貸店舗（一部）,https://www.takamatsuhousing.jp/kasi-tenpo/detail-67f20f823d177354830cb311/,3,takamatsu_housing,高松市 扇町２丁目 (昭和町駅) の貸店舗（一部） ＪＲ高徳線 / 昭和町駅 高松市扇町２丁目 徒歩9分 13.2 万円 - 3ヶ月/ なし/ 1ヶ月 135.25㎡ 40.91坪／0.3227万円 貸店舗（一部） 1970年1月(築56年6ヶ月) 物件詳細を見る お気に入り登録 お問い合わせをする
684a89ea243a5b1d0deb1257,ＡＫビル片原町Ⅱ　２階　北西 （２０２号）,https://www.takamatsuhousing.jp/kasi-tenpo/detail-684a89ea243a5b1d0deb1257/,3,takamatsu_housing,"ＡＫビル片原町Ⅱ　２階　北西 （２０２号） 高松琴平電鉄琴平線 / 片原町駅 高松市片原町 徒歩2分 13.2 万円 22,000円 6ヶ月/ なし/ なし 69.48㎡ 21.01坪／0.6281万円 貸店舗（一部） 1979年6月(築47年1ヶ月) 物件詳細を見る お気に入り登録 お問い合わせをする"
642fa6da77270d5cba271843,高松市 天神前 (栗林公園北口駅) の貸店舗（一部）,https://www.takamatsuhousing.jp/kasi-tenpo/detail-642fa6da77270d5cba271843/,3,takamatsu_housing,"高松市 天神前 (栗林公園北口駅) の貸店舗（一部） ＪＲ高徳線 / 栗林公園北口駅 高松市天神前 徒歩11分 14.3 万円 5,500円 3ヶ月/ なし/ 1ヶ月 56.00㎡ 16.93坪／0.8442万円 貸店舗（一部） 1963年6月(築63年1ヶ月) 物件詳細を見る お気に入り登録 お問い合わせをする"
67330cb3c7b82905187c793b,西村ジョイ屋島店　１階北ＥＶ前 1階,https://www.takamatsuhousing.jp/kasi-tenpo/detail-67330cb3c7b82905187c793b/,3,takamatsu_housing,"西村ジョイ屋島店　１階北ＥＶ前 1階 高松琴平電鉄志度線 / 春日川駅 高松市屋島西町 徒歩18分 14.971 万円 7,486円 3ヶ月/ なし/ なし 45.00㎡ 13.61坪／1.0999万円 貸店舗（一部） 1997年11月(築28年8ヶ月) 物件詳細を見る お気に入り登録 お問い合わせをする"
6833f5d6c196ea30e30ea1ee,大内ビル 1階,https://www.takamatsuhousing.jp/kasi-tenpo/detail-6833f5d6c196ea30e30ea1ee/,3,takamatsu_housing,大内ビル 1階 高松琴平電鉄琴平線 / 片原町駅 高松市今新町 徒歩5分 15 万円 なし 6ヶ月/ なし/ なし 69.03㎡ 20.88坪／0.7184万円 貸店舗（一部） 1975年5月(築51年2ヶ月) 物件詳細を見る お気に入り登録 お問い合わせをする
682a928cd63cad3855bc8266,高松市 上福岡町 (花園駅) の貸店舗・事務所(一部),https://www.takamatsuhousing.jp/kasi-tenpo/detail-682a928cd63cad3855bc8266/,3,takamatsu_housing,"高松市 上福岡町 (花園駅) の貸店舗・事務所(一部) 高松琴平電鉄長尾線 / 花園駅 高松市上福岡町 徒歩10分 15 万円 7,000円 2ヶ月/ なし/ 1ヶ月 157.80㎡ 47.73坪／0.3143万円 貸店舗・事務所(一部) 1991年2月(築35年5ヶ月) 物件詳細を見る お気に入り登録 お問い合わせをする"
685d1a520faf100f05698481,高松市 上福岡町 (花園駅) の貸店舗・事務所(一部),https://www.takamatsuhousing.jp/kasi-tenpo/detail-685d1a520faf100f05698481/,3,takamatsu_housing,"高松市 上福岡町 (花園駅) の貸店舗・事務所(一部) 高松琴平電鉄長尾線 / 花園駅 高松市上福岡町 徒歩10分 15 万円 7,000円 2ヶ月/ なし/ 1ヶ月 157.80㎡ 47.73坪／0.3143万円 貸店舗・事務所(一部) 1991年2月(築35年5ヶ月) 物件詳細を見る お気に入り登録 お問い合わせをする"
685d1f690faf10343a698468,高松市 上福岡町 (花園駅) の貸店舗・事務所(一部),https://www.takamatsuhousing.jp/kasi-tenpo/detail-685d1f690faf10343a698468/,3,takamatsu_housing,"高松市 上福岡町 (花園駅) の貸店舗・事務所(一部) 高松琴平電鉄長尾線 / 花園駅 高松市上福岡町 徒歩10分 15 万円 7,000円 2ヶ月/ なし/ 1ヶ月 117.30㎡ 35.48坪／0.4228万円 貸店舗・事務所(一部) 1991年2月(築35年5ヶ月) 物件詳細を見る お気に入り登録 お問い合わせをする"
6a20da03cb8ef797e0780d96,高松市 鶴屋町 (片原町駅) の貸店舗（一部）,https://www.takamatsuhousing.jp/kasi-tenpo/detail-6a20da03cb8ef797e0780d96/,3,takamatsu_housing,高松市 鶴屋町 (片原町駅) の貸店舗（一部） 高松琴平電鉄琴平線 / 片原町駅 高松市鶴屋町 徒歩4分 15 万円 - 2ヶ月/ なし/ 1ヶ月 98.59㎡ 29.82坪／0.503万円 貸店舗（一部） 2003年8月(築22年11ヶ月) 物件詳細を見る お気に入り登録 お問い合わせをする
55588e3142494231b8305814,新井ビル 1階,https://www.takamatsuhousing.jp/kasi-tenpo/detail-55588e3142494231b8305814/,3,takamatsu_housing,"新井ビル 1階 【バス】 田中 停歩1分 高松市成合町 - 15.07 万円 7,700円 1ヶ月/ なし/ なし 98.41㎡ 29.76坪／0.5063万円 貸店舗・事務所(一部) 1991年10月(築34年9ヶ月) 物件詳細を見る お気に入り登録 お問い合わせをする"
673ead7ac3c8d520f9d36c63,高松プラザビル ６０３,https://www.takamatsuhousing.jp/kasi-tenpo/detail-673ead7ac3c8d520f9d36c63/,3,takamatsu_housing,高松プラザビル ６０３ ＪＲ高徳線 / 栗林公園北口駅 高松市中野町 徒歩6分 15.2295 万円 なし 3ヶ月/ なし/ なし 61.04㎡ 18.46坪／0.8248万円 貸店舗・事務所(一部) 1987年9月(築38年10ヶ月) 物件詳細を見る お気に入り登録 お問い合わせをする
6052fa256962487ccb19b993,高松市 新北町 (昭和町駅) の貸店舗・事務所(一部),https://www.takamatsuhousing.jp/kasi-tenpo/detail-6052fa256962487ccb19b993/,3,takamatsu_housing,高松市 新北町 (昭和町駅) の貸店舗・事務所(一部) パノラマ ＪＲ高徳線 / 昭和町駅 高松市新北町 徒歩18分 15.4 万円 なし 3ヶ月/ なし/ なし 71.87㎡ 21.74坪／0.7084万円 貸店舗・事務所(一部) 2007年1月(築19年6ヶ月) 物件詳細を見る お気に入り登録 お問い合わせをする
68db7f1ba22de730730349b5,プレシャス番町ビル 4F,https://www.takamatsuhousing.jp/kasi-tenpo/detail-68db7f1ba22de730730349b5/,3,takamatsu_housing,"プレシャス番町ビル 4F ＪＲ予讃線 / 高松駅 高松市番町３丁目 徒歩15分 15.8 万円 14,850円 3ヶ月/ なし/ なし 86.88㎡ 26.28坪／0.6012万円 貸店舗・事務所(一部) 1978年2月(築48年5ヶ月) 物件詳細を見る お気に入り登録 お問い合わせをする"
682a97c00113b83abe1a03d1,ツゥーフィートビル 5-B,https://www.takamatsuhousing.jp/kasi-tenpo/detail-682a97c00113b83abe1a03d1/,3,takamatsu_housing,"ツゥーフィートビル 5-B 高松琴平電鉄琴平線 / 瓦町駅 高松市鍛冶屋町 徒歩10分 16.5 万円 30,756円 3ヶ月/ なし/ 1ヶ月 61.62㎡ 18.63坪／0.8852万円 貸店舗（一部） 1991年9月(築34年10ヶ月) 物件詳細を見る お気に入り登録 お問い合わせをする"
5b433431e5a69c481006210e,京都興産ビル ５F,https://www.takamatsuhousing.jp/kasi-tenpo/detail-5b433431e5a69c481006210e/,3,takamatsu_housing,"京都興産ビル ５F 高松琴平電鉄志度線 / 瓦町駅 高松市瓦町１丁目 徒歩4分 16.5 万円 7,700円 3ヶ月/ なし/ なし 116.86㎡ 35.34坪／0.4668万円 貸店舗（一部） 1976年10月(築49年9ヶ月) 物件詳細を見る お気に入り登録 お問い合わせをする"
68f1b59cc430a27e9e0ec70f,下田井町貸店舗事務所 1階,https://www.takamatsuhousing.jp/kasi-tenpo/detail-68f1b59cc430a27e9e0ec70f/,3,takamatsu_housing,"下田井町貸店舗事務所 1階 高松琴平電鉄長尾線 / 水田駅 高松市下田井町 徒歩25分 16.5 万円 9,900円 2ヶ月/ なし/ 1ヶ月 105.56㎡ 31.93坪／0.5168万円 貸店舗・事務所(一部) 1997年2月(築29年5ヶ月) 物件詳細を見る お気に入り登録 お問い合わせをする"
699d42258f9bb7ed6b2b1bdd,錦町１丁目　小川マンション１階店舗 1階,https://www.takamatsuhousing.jp/kasi-tenpo/detail-699d42258f9bb7ed6b2b1bdd/,3,takamatsu_housing,錦町１丁目　小川マンション１階店舗 1階 ＪＲ予讃線 / 高松駅 高松市錦町１丁目 徒歩6分 16.5 万円 - 3ヶ月/ なし/ 1ヶ月 68.00㎡ 20.56坪／0.8022万円 貸店舗（一部） 1987年8月(築38年11ヶ月) 物件詳細を見る お気に入り登録 お問い合わせをする
63d8b7d3f47768688d0d5cfc,プレシャス番町ビル（第一讃機ビル） 4 F北東ｶｰﾈｰｼｮﾝ,https://www.takamatsuhousing.jp/kasi-tenpo/detail-63d8b7d3f47768688d0d5cfc/,3,takamatsu_housing,"プレシャス番町ビル（第一讃機ビル） 4 F北東ｶｰﾈｰｼｮﾝ ＪＲ高徳線 / 昭和町駅 高松市番町３丁目 徒歩13分 16.5 万円 14,850円 3ヶ月/ なし/ なし 86.88㎡ 26.28坪／0.6279万円 貸店舗・事務所(一部) 1978年2月(築48年5ヶ月) 物件詳細を見る お気に入り登録 お問い合わせをする"
5558977d424941055706b417,シャトー古馬場　２階 2階,https://www.takamatsuhousing.jp/kasi-tenpo/detail-5558977d424941055706b417/,3,takamatsu_housing,シャトー古馬場　２階 2階 高松琴平電鉄琴平線 / 瓦町駅 高松市古馬場町 徒歩6分 16.5 万円 - 1ヶ月/ なし/ なし 65.91㎡ 19.93坪／0.8276万円 貸店舗（一部） 1973年1月(築53年6ヶ月) 物件詳細を見る お気に入り登録 お問い合わせをする
67ba76203e48c91c26797ad3,高松市 屋島西町 (春日川駅) の貸店舗（一括）,https://www.takamatsuhousing.jp/kasi-tenpo/detail-67ba76203e48c91c26797ad3/,3,takamatsu_housing,高松市 屋島西町 (春日川駅) の貸店舗（一括） 高松琴平電鉄志度線 / 春日川駅 高松市屋島西町 徒歩27分 17 万円 - なし/ なし/ なし 132.48㎡ 40.07坪／0.4243万円 貸店舗（一括） 1984年9月(築41年10ヶ月) 物件詳細を見る お気に入り登録 お問い合わせをする
6745221d019e3c41c94e53fb,高松市 番町１丁目 (瓦町駅) の貸店舗（一部）,https://www.takamatsuhousing.jp/kasi-tenpo/detail-6745221d019e3c41c94e53fb/,3,takamatsu_housing,高松市 番町１丁目 (瓦町駅) の貸店舗（一部） 高松琴平電鉄琴平線 / 瓦町駅 高松市番町１丁目 徒歩12分 18.15 万円 - 6ヶ月/ なし/ なし 38.98㎡ 11.79坪／1.5393万円 貸店舗（一部） 1981年9月(築44年10ヶ月) 物件詳細を見る お気に入り登録 お問い合わせをする
56d5429b9732ec2933001454,向山ビル２Ｆ 2F,https://www.takamatsuhousing.jp/kasi-tenpo/detail-56d5429b9732ec2933001454/,3,takamatsu_housing,"向山ビル２Ｆ 2F 高松琴平電鉄志度線 / 瓦町駅 高松市瓦町１丁目 徒歩5分 19.8 万円 5,500円 3ヶ月/ なし/ なし 75.60㎡ 22.86坪／0.8659万円 貸店舗（一部） 1975年8月(築50年11ヶ月) 物件詳細を見る お気に入り登録 お問い合わせをする"
69aa7d5de563002bb48f101b,Ｗｉｔｈビル 1階,https://www.takamatsuhousing.jp/kasi-tenpo/detail-69aa7d5de563002bb48f101b/,3,takamatsu_housing,"Ｗｉｔｈビル 1階 高松琴平電鉄琴平線 / 瓦町駅 高松市瓦町２丁目 徒歩2分 19.8 万円 3,000円 3ヶ月/ なし/ 1ヶ月 81.70㎡ 24.71坪／0.8012万円 貸店舗（一部） 1986年12月(築39年7ヶ月) 物件詳細を見る お気に入り登録 お問い合わせをする"
5c62452d9732ec08c6b7f9a3,香西貸店舗 1階,https://www.takamatsuhousing.jp/kasi-tenpo/detail-5c62452d9732ec08c6b7f9a3/,3,takamatsu_housing,香西貸店舗 1階 ＪＲ予讃線 / 香西駅 高松市香西東町 徒歩10分 19.8 万円 - 3ヶ月/ なし/ なし 187.74㎡ 56.79坪／0.3487万円 貸店舗（一括） 1976年1月(築50年6ヶ月) 物件詳細を見る お気に入り登録 お問い合わせをする
5ecf6e6730c1427032fc12e9,アビタシオンＮＹＫ 1F南,https://www.takamatsuhousing.jp/kasi-tenpo/detail-5ecf6e6730c1427032fc12e9/,3,takamatsu_housing,"アビタシオンＮＹＫ 1F南 ＪＲ予讃線 / 香西駅 [バス利用可] バス 香西新橋 停歩4分 高松市香西南町 徒歩15分 19.8 万円 22,000円 54.00万円/ なし/ 19.80万円 182.25㎡ 55.13坪／0.3592万円 貸店舗（一部） 1991年3月(築35年4ヶ月) 物件詳細を見る お気に入り登録 お問い合わせをする"
640e8a8741708e129e914078,高松市 亀岡町 (栗林公園北口駅) の貸店舗・事務所(一部),https://www.takamatsuhousing.jp/kasi-tenpo/detail-640e8a8741708e129e914078/,3,takamatsu_housing,"高松市 亀岡町 (栗林公園北口駅) の貸店舗・事務所(一部) ＪＲ高徳線 / 栗林公園北口駅 高松市亀岡町 徒歩9分 20 万円 10,000円 3ヶ月/ なし/ なし 99.56㎡ 30.11坪／0.6641万円 貸店舗・事務所(一部) 1965年2月(築61年5ヶ月) 物件詳細を見る お気に入り登録 お問い合わせをする"
5c822221d032a71c6cedffdc,ガーデンコート高松 401,https://www.takamatsuhousing.jp/kasi-tenpo/detail-5c822221d032a71c6cedffdc/,3,takamatsu_housing,ガーデンコート高松 401 ＪＲ高徳線 / 高松駅 高松市大工町 徒歩14分 20.9 万円 なし なし/ なし/ 2ヶ月 124.89㎡ 37.77坪／0.5533万円 貸店舗・事務所(一部) 1991年4月(築35年3ヶ月) 物件詳細を見る お気に入り登録 お問い合わせをする
60bdd67067528231e3404a78,ガーデンコート高松 501,https://www.takamatsuhousing.jp/kasi-tenpo/detail-60bdd67067528231e3404a78/,3,takamatsu_housing,ガーデンコート高松 501 ＪＲ高徳線 / 高松駅 高松市大工町 徒歩14分 20.9 万円 なし なし/ なし/ 2ヶ月 123.09㎡ 37.23坪／0.5614万円 貸店舗・事務所(一部) 1991年4月(築35年3ヶ月) 物件詳細を見る お気に入り登録 お問い合わせをする
5b432f98d032a70dc813f561,京都興産ビル 3F,https://www.takamatsuhousing.jp/kasi-tenpo/detail-5b432f98d032a70dc813f561/,3,takamatsu_housing,京都興産ビル 3F 高松琴平電鉄志度線 / 瓦町駅 高松市瓦町１丁目 徒歩4分 22 万円 - 3ヶ月/ なし/ なし 116.86㎡ 35.34坪／0.6224万円 貸店舗（一部） 1976年10月(築49年9ヶ月) 物件詳細を見る お気に入り登録 お問い合わせをする
681acd9ced5168205e52f3c4,じゃこ丸ビル ５階　南,https://www.takamatsuhousing.jp/kasi-tenpo/detail-681acd9ced5168205e52f3c4/,4,takamatsu_housing,"じゃこ丸ビル ５階　南 ＪＲ高徳線 / 高松駅 高松市西の丸町 徒歩3分 22 万円 33,000円 6ヶ月/ なし/ なし 92.00㎡ 27.82坪／0.7906万円 貸店舗（一部） 2016年6月(築10年1ヶ月) 物件詳細を見る お気に入り登録 お問い合わせをする"
69e1f4f32b1cfe70dd417739,パールコート 1階,https://www.takamatsuhousing.jp/kasi-tenpo/detail-69e1f4f32b1cfe70dd417739/,4,takamatsu_housing,パールコート 1階 高松琴平電鉄琴平線 / 片原町駅 高松市百間町 徒歩5分 22 万円 - 2ヶ月/ なし/ 1ヶ月 124.58㎡ 37.68坪／0.5838万円 貸店舗・事務所(一部) 1990年5月(築36年2ヶ月) 物件詳細を見る お気に入り登録 お問い合わせをする
68959441674fe57902cecc97,高松市 百間町 (瓦町駅) の貸店舗（一部）,https://www.takamatsuhousing.jp/kasi-tenpo/detail-68959441674fe57902cecc97/,4,takamatsu_housing,高松市 百間町 (瓦町駅) の貸店舗（一部） 高松琴平電鉄志度線 / 瓦町駅 高松市百間町 徒歩11分 22 万円 なし 2ヶ月/ なし/ 1ヶ月 124.58㎡ 37.68坪／0.5838万円 貸店舗（一部） 1990年3月(築36年4ヶ月) 物件詳細を見る お気に入り登録 お問い合わせをする
678dbd615146490136a2bcc3,セントラル高松中新町ビル（旧太陽生命高松中新町ビル） ３０２,https://www.takamatsuhousing.jp/kasi-tenpo/detail-678dbd615146490136a2bcc3/,4,takamatsu_housing,セントラル高松中新町ビル（旧太陽生命高松中新町ビル） ３０２ 高松琴平電鉄琴平線 / 瓦町駅 高松市中新町 徒歩7分 23.5543 万円 なし 6ヶ月/ なし/ なし 74.54㎡ 22.54坪／1.0447万円 貸店舗・事務所(一部) 1993年4月(築33年3ヶ月) 物件詳細を見る お気に入り登録 お問い合わせをする
678dbd617f54e6649ea1dfc1,セントラル高松中新町ビル（旧太陽生命高松中新町ビル） ２０２,https://www.takamatsuhousing.jp/kasi-tenpo/detail-678dbd617f54e6649ea1dfc1/,4,takamatsu_housing,セントラル高松中新町ビル（旧太陽生命高松中新町ビル） ２０２ 高松琴平電鉄琴平線 / 瓦町駅 高松市中新町 徒歩7分 23.5543 万円 なし 6ヶ月/ なし/ なし 74.54㎡ 22.54坪／1.0447万円 貸店舗・事務所(一部) 1993年4月(築33年3ヶ月) 物件詳細を見る お気に入り登録 お問い合わせをする
5ce350d0e5a69c2656af61c7,高松市 東山崎町 (水田駅) の貸店舗・事務所(一括),https://www.takamatsuhousing.jp/kasi-tenpo/detail-5ce350d0e5a69c2656af61c7/,4,takamatsu_housing,高松市 東山崎町 (水田駅) の貸店舗・事務所(一括) 高松琴平電鉄長尾線 / 水田駅 高松市東山崎町 徒歩7分 24.2 万円 なし 6ヶ月/ なし/ なし 141.60㎡ 42.83坪／0.565万円 貸店舗・事務所(一括) 1996年10月(築29年9ヶ月) 物件詳細を見る お気に入り登録 お問い合わせをする
58bf9517e5a69c0e2c12e0ed,高松市 六条町 (水田駅) の貸店舗（一括）,https://www.takamatsuhousing.jp/kasi-tenpo/detail-58bf9517e5a69c0e2c12e0ed/,4,takamatsu_housing,高松市 六条町 (水田駅) の貸店舗（一括） 高松琴平電鉄長尾線 / 水田駅 高松市六条町 徒歩5分 25 万円 - 3ヶ月/ なし/ なし 182.38㎡ 55.16坪／0.4532万円 貸店舗（一括） 2003年4月(築23年3ヶ月) 物件詳細を見る お気に入り登録 お問い合わせをする
6a0eb8f8bda945109354afbb,ＡＫビルⅩⅢ　１階 1階,https://www.takamatsuhousing.jp/kasi-tenpo/detail-6a0eb8f8bda945109354afbb/,4,takamatsu_housing,ＡＫビルⅩⅢ　１階 1階 高松琴平電鉄琴平線 / 片原町駅 高松市百間町 徒歩4分 25.3 万円 - 6ヶ月/ なし/ なし 76.00㎡ 22.98坪／1.1005万円 貸店舗（一部） 1966年6月(築60年1ヶ月) 物件詳細を見る お気に入り登録 お問い合わせをする
68d9f87b7f54e611de549e33,ＣＵＢＥ高松　旧共栄火災海上保険株式会社高松支社 １Ｆ,https://www.takamatsuhousing.jp/kasi-tenpo/detail-68d9f87b7f54e611de549e33/,4,takamatsu_housing,ＣＵＢＥ高松　旧共栄火災海上保険株式会社高松支社 １Ｆ 高松琴平電鉄琴平線 / 瓦町駅 高松市塩屋町 徒歩5分 26.0656 万円 なし 6ヶ月/ なし/ なし 97.93㎡ 29.62坪／0.8799万円 貸店舗・事務所(一部) 1978年9月(築47年10ヶ月) 物件詳細を見る お気に入り登録 お問い合わせをする
59d30e12e5a69c6ccf3e274c,高松市 鍛冶屋町 (瓦町駅) の貸店舗（一部）,https://www.takamatsuhousing.jp/kasi-tenpo/detail-59d30e12e5a69c6ccf3e274c/,4,takamatsu_housing,"高松市 鍛冶屋町 (瓦町駅) の貸店舗（一部） 高松琴平電鉄琴平線 / 瓦町駅 高松市鍛冶屋町 徒歩10分 26.4 万円 22,000円 3ヶ月/ なし/ なし 124.23㎡ 37.57坪／0.7026万円 貸店舗（一部） 1988年1月(築38年6ヶ月) 物件詳細を見る お気に入り登録 お問い合わせをする"
6a07ab7dce03c2ec06377e02,高松市 国分寺町新居 (端岡駅) の貸店舗・事務所(一括),https://www.takamatsuhousing.jp/kasi-tenpo/detail-6a07ab7dce03c2ec06377e02/,4,takamatsu_housing,高松市 国分寺町新居 (端岡駅) の貸店舗・事務所(一括) ＪＲ予讃線 / 端岡駅 高松市国分寺町新居 徒歩14分 27.5 万円 - 3ヶ月/ なし/ 1ヶ月 167.55㎡ 50.68坪／0.5426万円 貸店舗・事務所(一括) 2001年3月(築25年4ヶ月) 物件詳細を見る お気に入り登録 お問い合わせをする
63d8a4e80cccef06e5316d54,プレシャス番町ビル（第一讃機ビル） 2F南東コスモス,https://www.takamatsuhousing.jp/kasi-tenpo/detail-63d8a4e80cccef06e5316d54/,4,takamatsu_housing,"プレシャス番町ビル（第一讃機ビル） 2F南東コスモス ＪＲ高徳線 / 昭和町駅 高松市番町３丁目 徒歩13分 27.5 万円 24,200円 3ヶ月/ なし/ なし 169.00㎡ 51.12坪／0.538万円 貸店舗・事務所(一部) 1978年2月(築48年5ヶ月) 物件詳細を見る お気に入り登録 お問い合わせをする"
660e5dbfedc6e56a05971a7b,巧匠ビル　１・２階,https://www.takamatsuhousing.jp/kasi-tenpo/detail-660e5dbfedc6e56a05971a7b/,4,takamatsu_housing,巧匠ビル　１・２階 高松琴平電鉄琴平線 / 片原町駅 高松市今新町 徒歩7分 28 万円 - 6ヶ月/ なし/ なし 235.74㎡ 71.31坪／0.3927万円 貸店舗（一部） 1960年10月(築65年9ヶ月) 物件詳細を見る お気に入り登録 お問い合わせをする
653f4bd6e89777535faced84,オフィスビルいずみ東１階 1階,https://www.takamatsuhousing.jp/kasi-tenpo/detail-653f4bd6e89777535faced84/,4,takamatsu_housing,オフィスビルいずみ東１階 1階 高松琴平電鉄琴平線 / 伏石駅 高松市上天神町 徒歩17分 29.7 万円 - 3ヶ月/ なし/ なし 176.00㎡ 53.23坪／0.5579万円 貸店舗・事務所(一部) 1979年8月(築46年11ヶ月) 物件詳細を見る お気に入り登録 お問い合わせをする
68955a821363053550874c30,高松市 国分寺町福家 (挿頭丘駅) の貸店舗・事務所(一部),https://www.takamatsuhousing.jp/kasi-tenpo/detail-68955a821363053550874c30/,4,takamatsu_housing,高松市 国分寺町福家 (挿頭丘駅) の貸店舗・事務所(一部) パノラマ 高松琴平電鉄琴平線 / 挿頭丘駅 高松市国分寺町福家 徒歩14分 33 万円 なし 3ヶ月/ なし/ 1ヶ月 108.27㎡ 32.75坪／1.0076万円 貸店舗・事務所(一部) 2001年4月(築25年3ヶ月) 物件詳細を見る お気に入り登録 お問い合わせをする
63e7433dd93d1c3663901541,ガーデンコート高松 2F,https://www.takamatsuhousing.jp/kasi-tenpo/detail-63e7433dd93d1c3663901541/,4,takamatsu_housing,ガーデンコート高松 2F 高松琴平電鉄琴平線 / 片原町駅 高松市大工町 徒歩5分 33 万円 - 20.00万円/ なし/ 66.00万円 199.51㎡ 60.35坪／0.5468万円 貸店舗（一部） 1991年4月(築35年3ヶ月) 物件詳細を見る お気に入り登録 お問い合わせをする
5558977b424941747cdcc717,エーワン藤塚ビル　１階駐車場・倉庫　２階・３階事務所,https://www.takamatsuhousing.jp/kasi-tenpo/detail-5558977b424941747cdcc717/,4,takamatsu_housing,エーワン藤塚ビル　１階駐車場・倉庫　２階・３階事務所 ＪＲ高徳線 / 栗林駅 高松市藤塚町２丁目 徒歩6分 33 万円 - 3ヶ月/ なし/ なし 223.89㎡ 67.72坪／0.4873万円 貸店舗（一部） 1989年6月(築37年1ヶ月) 物件詳細を見る お気に入り登録 お問い合わせをする
678dbd617f54e65d5a95dbcb,ＣＵＢＥ高松　旧共栄火災海上保険株式会社高松支社 ５Ｆ,https://www.takamatsuhousing.jp/kasi-tenpo/detail-678dbd617f54e65d5a95dbcb/,4,takamatsu_housing,ＣＵＢＥ高松　旧共栄火災海上保険株式会社高松支社 ５Ｆ 高松琴平電鉄琴平線 / 瓦町駅 高松市塩屋町 徒歩5分 33.1485 万円 なし 6ヶ月/ なし/ なし 132.85㎡ 40.18坪／0.8249万円 貸店舗・事務所(一部) 1978年9月(築47年10ヶ月) 物件詳細を見る お気に入り登録 お問い合わせをする
678dbd617f54e665070e0af6,ＣＵＢＥ高松　旧共栄火災海上保険株式会社高松支社 ４Ｆ,https://www.takamatsuhousing.jp/kasi-tenpo/detail-678dbd617f54e665070e0af6/,4,takamatsu_housing,ＣＵＢＥ高松　旧共栄火災海上保険株式会社高松支社 ４Ｆ 高松琴平電鉄琴平線 / 瓦町駅 高松市塩屋町 徒歩5分 33.1485 万円 なし 6ヶ月/ なし/ なし 132.85㎡ 40.18坪／0.8249万円 貸店舗・事務所(一部) 1978年9月(築47年10ヶ月) 物件詳細を見る お気に入り登録 お問い合わせをする
67a47b12991eeb6eed4aac18,高松市 林町 (伏石駅) の貸店舗（一括）,https://www.takamatsuhousing.jp/kasi-tenpo/detail-67a47b12991eeb6eed4aac18/,4,takamatsu_housing,高松市 林町 (伏石駅) の貸店舗（一括） 高松琴平電鉄琴平線 / 伏石駅 高松市林町 徒歩24分 35 万円 - 6ヶ月/ なし/ なし 223.90㎡ 67.72坪／0.5168万円 貸店舗（一括） 1995年8月(築30年11ヶ月) 物件詳細を見る お気に入り登録 お問い合わせをする
5558977d424941055700b417,カーラビル １F,https://www.takamatsuhousing.jp/kasi-tenpo/detail-5558977d424941055700b417/,4,takamatsu_housing,"カーラビル １F 高松琴平電鉄琴平線 / 瓦町駅 高松市瓦町２丁目 徒歩6分 49.5 万円 11,000円 3ヶ月/ なし/ なし 124.54㎡ 37.67坪／1.314万円 貸店舗（一部） 1977年5月(築49年2ヶ月) 物件詳細を見る お気に入り登録 お問い合わせをする"
680f3150c8d81631e329df64,西村ジョイ屋島店　１階テナント　Ｃ区画 1階,https://www.takamatsuhousing.jp/kasi-tenpo/detail-680f3150c8d81631e329df64/,4,takamatsu_housing,"西村ジョイ屋島店　１階テナント　Ｃ区画 1階 高松琴平電鉄志度線 / 春日川駅 高松市屋島西町 徒歩18分 51.4272 万円 85,712円 3ヶ月/ なし/ なし 515.20㎡ 155.84坪／0.33万円 貸店舗（一部） 1997年11月(築28年8ヶ月) 物件詳細を見る お気に入り登録 お問い合わせをする"
555897fe42494105814fab17,ソレイユ第一ビル 202,https://www.takamatsuhousing.jp/kasi-tenpo/detail-555897fe42494105814fab17/,4,takamatsu_housing,"ソレイユ第一ビル 202 高松琴平電鉄琴平線 / 瓦町駅 高松市亀井町 徒歩5分 53.96 万円 161,882円 6ヶ月/ なし/ なし 324.36㎡ 98.11坪／0.55万円 貸店舗（一部） 1983年10月(築42年9ヶ月) 物件詳細を見る お気に入り登録 お問い合わせをする"
60743b77298a4d7ba61a7822,オフィスビルいずみ,https://www.takamatsuhousing.jp/kasi-tenpo/detail-60743b77298a4d7ba61a7822/,4,takamatsu_housing,オフィスビルいずみ 高松琴平電鉄琴平線 / 伏石駅 高松市上天神町 徒歩17分 55 万円 - 3ヶ月/ なし/ なし 584.00㎡ 176.65坪／0.3114万円 貸店舗・事務所(一部) 1979年8月(築46年11ヶ月) 物件詳細を見る お気に入り登録 お問い合わせをする
57aa80db9732ec15a177a0ec,瓦町スクエアビルド ５階,https://www.takamatsuhousing.jp/kasi-tenpo/detail-57aa80db9732ec15a177a0ec/,4,takamatsu_housing,"瓦町スクエアビルド ５階 高松琴平電鉄琴平線 / 瓦町駅 高松市瓦町２丁目 徒歩1分 83.13 万円 277,100円 6ヶ月/ なし/ なし 458.03㎡ 138.55坪／0.60万円 貸店舗（一部） 1997年4月(築29年3ヶ月) 物件詳細を見る お気に入り登録 お問い合わせをする"
6968a44f2c4b41c3593e8b9c,ＷｅＢａｓｅ高松 B1-1F,https://www.takamatsuhousing.jp/kasi-tenpo/detail-6968a44f2c4b41c3593e8b9c/,4,takamatsu_housing,"ＷｅＢａｓｅ高松 B1-1F 高松琴平電鉄琴平線 / 瓦町駅 高松市瓦町１丁目 徒歩6分 220 万円 - 10ヶ月/ なし/ 1ヶ月 1,038.74㎡ 314.21坪／0.7002万円 貸店舗（一部） 1978年3月(築48年4ヶ月) 物件詳細を見る お気に入り登録 お問い合わせをする"
673304b1b1a9b138a07f12fd,西村ジョイ屋島店　２階北 2階,https://www.takamatsuhousing.jp/kasi-tenpo/detail-673304b1b1a9b138a07f12fd/,4,takamatsu_housing,"西村ジョイ屋島店　２階北 2階 高松琴平電鉄志度線 / 春日川駅 高松市屋島西町 徒歩18分 262.7571 万円 453,030円 6ヶ月/ なし/ なし 2,722.96㎡ 823.69坪／0.319万円 貸店舗（一部） 1997年11月(築28年8ヶ月) 物件詳細を見る お気に入り登録 お問い合わせをする"
